"Id";"activitydate";"TotalSteps";"TotalDistance";"VeryActiveDistance";"MediumActiveDistance";"SedentaryActiveDistance";"VeryActiveMinutes";"MediumActiveMinutes";"SedentaryMinutes";"Calories"
1503960366.0;"2016-04-12";13162;8.5;1.87999999523163;6.609999954700469;0;25;341;728;1985
1503960366.0;"2016-04-13";10735;6.96999979019165;1.57000005245209;5.400000035762784;0;21;236;776;1797
1503960366.0;"2016-04-14";10460;6.73999977111816;2.44000005722046;4.310000091791154;0;30;192;1218;1776
1503960366.0;"2016-04-15";9762;6.28000020980835;2.14000010490417;4.08999991416931;0;29;243;726;1745
1503960366.0;"2016-04-16";12669;8.15999984741211;2.71000003814697;5.449999958276751;0;36;231;773;1863
1503960366.0;"2016-04-17";9705;6.48000001907349;3.19000005722046;3.289999961853031;0;38;184;539;1728
1503960366.0;"2016-04-18";13019;8.59000015258789;3.25;5.350000023841855;0;42;249;1149;1921
1503960366.0;"2016-04-19";15506;9.88000011444092;3.52999997138977;6.35000026226044;0;50;295;775;2035
1503960366.0;"2016-04-20";10544;6.67999982833862;1.96000003814697;4.719999760389324;0;28;217;818;1786
1503960366.0;"2016-04-21";9819;6.34000015258789;1.3400000333786;5.000000089406966;0;19;219;838;1775
1503960366.0;"2016-04-22";12764;8.13000011444092;4.76000022888184;3.3600000143051103;0;66;157;1217;1827
1503960366.0;"2016-04-23";14371;9.03999996185303;2.80999994277954;6.230000138282772;0;41;283;732;1949
1503960366.0;"2016-04-24";10039;6.40999984741211;2.92000007629395;3.489999964833259;0;39;243;709;1788
1503960366.0;"2016-04-25";15355;9.80000019073486;5.28999996185303;4.5100000500679025;0;73;230;814;2013
1503960366.0;"2016-04-26";13755;8.78999996185303;2.32999992370605;6.459999978542331;0;31;302;833;1970
1503960366.0;"2016-04-27";18134;12.210000038147;6.40000009536743;5.819999843835832;0;78;254;1108;2159
1503960366.0;"2016-04-28";13154;8.52999973297119;3.53999996185303;4.94999992847443;0;48;217;782;1898
1503960366.0;"2016-04-29";11181;7.15000009536743;1.05999994277954;6.07999992370605;0;16;255;815;1837
1503960366.0;"2016-04-30";14673;9.25;3.55999994277954;5.68999993801117;0;52;251;712;1947
1503960366.0;"2016-05-01";10602;6.80999994277954;2.28999996185303;4.52000010013581;0;33;281;730;1820
1503960366.0;"2016-05-02";14727;9.71000003814697;3.21000003814697;6.490000069141392;0;41;292;798;2004
1503960366.0;"2016-05-03";15103;9.65999984741211;3.73000001907349;5.9300000667571995;0;50;278;816;1990
1503960366.0;"2016-05-04";11100;7.15000009536743;2.46000003814697;4.689999938011172;0;36;225;1179;1819
1503960366.0;"2016-05-05";14070;8.89999961853027;2.92000007629395;5.9600001573562595;0;45;274;857;1959
1503960366.0;"2016-05-06";12159;8.02999973297119;1.97000002861023;6.05999994277954;0;24;295;754;1896
1503960366.0;"2016-05-07";11992;7.71000003814697;2.46000003814697;5.25;0;37;221;833;1821
1503960366.0;"2016-05-08";10060;6.57999992370605;3.52999997138977;3.050000011920933;0;44;211;574;1740
1503960366.0;"2016-05-09";12022;7.71999979019165;3.45000004768372;4.269999980926511;0;46;217;835;1819
1503960366.0;"2016-05-10";12207;7.76999998092651;3.34999990463257;4.41999995708466;0;46;245;746;1859
1503960366.0;"2016-05-11";12770;8.13000011444092;2.55999994277954;5.56000018119812;0;36;274;669;1783
1503960366.0;"2016-05-12";0;0.0;0.0;0.0;0;0;0;1440;0
1624580081.0;"2016-04-12";8163;5.30999994277954;0.0;5.30999994277954;0;0;146;1294;1432
1624580081.0;"2016-04-13";7007;4.55000019073486;0.0;4.55000019073486;0;0;148;1292;1411
1624580081.0;"2016-04-14";9107;5.92000007629395;0.0;5.90999984741211;0;0;236;1204;1572
1624580081.0;"2016-04-15";1510;0.980000019073486;0.0;0.970000028610229;0;0;96;1344;1344
1624580081.0;"2016-04-16";5370;3.49000000953674;0.0;3.49000000953674;0;0;176;1264;1463
1624580081.0;"2016-04-17";6175;4.05999994277954;1.02999997138977;3.0099999904632497;0;15;149;1276;1554
1624580081.0;"2016-04-18";10536;7.40999984741211;2.15000009536743;5.239999890327452;0;17;209;1214;1604
1624580081.0;"2016-04-19";2916;1.89999997615814;0.0;1.89999997615814;0;0;141;1299;1435
1624580081.0;"2016-04-20";4974;3.23000001907349;0.0;3.23000001907349;0;0;151;1289;1446
1624580081.0;"2016-04-21";6349;4.13000011444092;0.0;4.1100001335144;0;0;186;1254;1467
1624580081.0;"2016-04-22";4026;2.61999988555908;0.0;2.59999990463257;0;0;199;1241;1470
1624580081.0;"2016-04-23";8538;5.55000019073486;0.0;5.53999996185303;0;0;227;1213;1562
1624580081.0;"2016-04-24";6076;3.95000004768372;1.14999997615814;2.800000011920934;0;16;203;1221;1617
1624580081.0;"2016-04-25";6497;4.21999979019165;0.0;4.19999980926514;0;0;202;1238;1492
1624580081.0;"2016-04-26";2826;1.8400000333786;0.0;1.83000004291534;0;0;140;1300;1402
1624580081.0;"2016-04-27";8367;5.44000005722046;1.11000001430511;4.33000004291534;0;17;190;1233;1670
1624580081.0;"2016-04-28";2759;1.78999996185303;0.0;1.800000026822092;0;0;120;1320;1401
1624580081.0;"2016-04-29";2390;1.54999995231628;0.0;1.54999995231628;0;0;150;1290;1404
1624580081.0;"2016-04-30";6474;4.30000019073486;0.899999976158142;3.39999985694885;0;11;247;1182;1655
1624580081.0;"2016-05-01";36019;28.0300006866455;21.9200000762939;6.10000002384186;0;186;234;1020;2690
1624580081.0;"2016-05-02";7155;4.92999982833862;0.860000014305115;4.060000002384186;0;7;172;1261;1497
1624580081.0;"2016-05-03";2100;1.37000000476837;0.0;1.3400000333786;0;0;96;1344;1334
1624580081.0;"2016-05-04";2193;1.42999994754791;0.0;1.41999995708466;0;0;118;1322;1368
1624580081.0;"2016-05-05";2470;1.61000001430511;0.0;1.58000004291534;0;0;117;1323;1370
1624580081.0;"2016-05-06";1727;1.12000000476837;0.0;1.12000000476837;0;0;102;1338;1341
1624580081.0;"2016-05-07";2104;1.37000000476837;0.0;1.37000000476837;0;0;182;1258;1474
1624580081.0;"2016-05-08";3427;2.23000001907349;0.0;2.22000002861023;0;0;152;1288;1427
1624580081.0;"2016-05-09";1732;1.12999999523163;0.0;1.12999999523163;0;0;91;1349;1328
1624580081.0;"2016-05-10";2969;1.92999994754791;0.0;1.91999995708466;0;0;139;1301;1393
1624580081.0;"2016-05-11";3134;2.03999996185303;0.0;2.03999996185303;0;0;112;1328;1359
1624580081.0;"2016-05-12";2971;1.92999994754791;0.0;1.91999995708466;0;0;107;890;1002
1644430081.0;"2016-04-12";10694;7.76999998092651;0.140000000596046;7.62999987602233;0;2;307;1131;3199
1644430081.0;"2016-04-13";8001;5.82000017166138;2.27999997138977;3.540000081062312;0;30;151;1259;2902
1644430081.0;"2016-04-14";11037;8.02000045776367;0.360000014305115;7.65999984741211;0;5;310;1125;3226
1644430081.0;"2016-04-15";5263;3.82999992370605;0.219999998807907;3.600000053644184;0;3;174;1263;2750
1644430081.0;"2016-04-16";15300;11.1199998855591;4.09999990463257;6.97000014781952;0;51;254;1135;3493
1644430081.0;"2016-04-17";8757;6.36999988555908;2.25;4.119999945163723;0;29;199;1212;3011
1644430081.0;"2016-04-18";7132;5.19000005722046;1.07000005245209;4.12000000476838;0;15;154;1271;2806
1644430081.0;"2016-04-19";11256;8.18000030517578;0.360000014305115;7.83000016212463;0;5;336;1099;3300
1644430081.0;"2016-04-20";2436;1.76999998092651;0.0;1.75999999046326;0;0;125;1315;2430
1644430081.0;"2016-04-21";1223;0.889999985694885;0.0;0.879999995231628;0;0;38;1402;2140
1644430081.0;"2016-04-22";3673;2.67000007629395;0.0;2.66000008583069;0;0;86;1354;2344
1644430081.0;"2016-04-23";6637;4.82999992370605;0.0;4.8299999833106995;0;0;175;1265;2677
1644430081.0;"2016-04-24";3321;2.41000008583069;0.0;2.41000008583069;0;0;89;1351;2413
1644430081.0;"2016-04-25";3580;2.59999990463257;0.589999973773956;2.0100000463426158;0;8;95;1337;2497
1644430081.0;"2016-04-26";9919;7.21000003814697;0.800000011920929;6.41000008583069;0;11;264;1165;3123
1644430081.0;"2016-04-27";3032;2.20000004768372;0.0;2.20000004768372;0;0;118;1322;2489
1644430081.0;"2016-04-28";9405;6.84000015258789;0.200000002980232;6.629999876022341;0;3;280;1157;3108
1644430081.0;"2016-04-29";3176;2.30999994277954;0.0;2.30999994277954;0;0;120;1193;2498
1644430081.0;"2016-04-30";18213;13.2399997711182;0.629999995231628;12.60000014305114;0;9;473;816;3846
1644430081.0;"2016-05-01";6132;4.46000003814697;0.239999994635582;4.220000028610233;0;3;170;908;2696
1644430081.0;"2016-05-02";3758;2.73000001907349;0.0700000002980232;2.659999907016756;0;1;155;682;2580
1644430081.0;"2016-05-03";12850;9.34000015258789;0.720000028610229;8.63000011444092;0;10;315;1115;3324
1644430081.0;"2016-05-04";2309;1.67999994754791;0.0;1.6599999666214;0;0;52;1388;2222
1644430081.0;"2016-05-05";4363;3.19000005722046;0.519999980926514;2.6700001358985923;0;6;93;1341;2463
1644430081.0;"2016-05-06";9787;7.11999988555908;0.819999992847443;6.280000239610676;0;11;375;1054;3328
1644430081.0;"2016-05-07";13372;9.72000026702881;3.25999999046326;6.460000097751622;0;41;260;1139;3404
1644430081.0;"2016-05-08";6724;4.8899998664856;0.0;4.88000011444092;0;0;295;991;2987
1644430081.0;"2016-05-09";6643;4.82999992370605;2.39000010490417;2.439999908208846;0;32;309;1099;3008
1644430081.0;"2016-05-10";9167;6.65999984741211;0.879999995231628;5.779999792575836;0;12;174;1254;2799
1644430081.0;"2016-05-11";1329;0.970000028610229;0.0;0.949999988079071;0;0;49;713;1276
1844505072.0;"2016-04-12";6697;4.42999982833862;0.0;4.42999982833862;0;0;339;1101;2030
1844505072.0;"2016-04-13";4929;3.25999999046326;0.0;3.25999999046326;0;0;248;1192;1860
1844505072.0;"2016-04-14";7937;5.25;0.0;5.23000001907349;0;0;373;843;2130
1844505072.0;"2016-04-15";3844;2.53999996185303;0.0;2.53999996185303;0;0;176;527;1725
1844505072.0;"2016-04-16";3414;2.25999999046326;0.0;2.25999999046326;0;0;147;1293;1657
1844505072.0;"2016-04-17";4525;2.99000000953674;0.140000000596046;2.849999904632567;0;2;207;1231;1793
1844505072.0;"2016-04-18";4597;3.03999996185303;0.0;3.039999932050704;0;0;229;1211;1814
1844505072.0;"2016-04-19";197;0.129999995231628;0.0;0.129999995231628;0;0;10;1430;1366
1844505072.0;"2016-04-20";8;0.00999999977648258;0.0;0.00999999977648258;0;0;1;1439;1349
1844505072.0;"2016-04-21";8054;5.32000017166138;0.119999997317791;5.199999809265134;0;2;321;1117;2062
1844505072.0;"2016-04-22";5372;3.54999995231628;0.0;3.54999995231628;0;0;220;1220;1827
1844505072.0;"2016-04-23";3570;2.35999989509583;0.0;2.35999989509583;0;0;139;1301;1645
1844505072.0;"2016-04-24";0;0.0;0.0;0.0;0;0;0;1440;1347
1844505072.0;"2016-04-25";0;0.0;0.0;0.0;0;0;0;1440;1347
1844505072.0;"2016-04-26";0;0.0;0.0;0.0;0;0;0;1440;1347
1844505072.0;"2016-04-27";4;0.0;0.0;0.0;0;0;1;1439;1348
1844505072.0;"2016-04-28";6907;4.57000017166138;0.0;4.55999994277954;0;0;302;1138;1992
1844505072.0;"2016-04-29";4920;3.25;0.0;3.25;0;0;247;1082;1856
1844505072.0;"2016-04-30";4014;2.67000007629395;0.0;2.65000009536743;0;0;184;218;1763
1844505072.0;"2016-05-01";2573;1.70000004768372;0.0;1.710000038146977;0;0;82;585;1541
1844505072.0;"2016-05-02";0;0.0;0.0;0.0;0;0;0;1440;1348
1844505072.0;"2016-05-03";4059;2.6800000667572;0.0;2.6800000667572;0;0;184;1256;1742
1844505072.0;"2016-05-04";2080;1.37000000476837;0.0;1.37000000476837;0;0;87;1353;1549
1844505072.0;"2016-05-05";2237;1.48000001907349;0.0;1.48000001907349;0;0;120;1320;1589
1844505072.0;"2016-05-06";44;0.0299999993294477;0.0;0.0299999993294477;0;0;2;1438;1351
1844505072.0;"2016-05-07";0;0.0;0.0;0.0;0;0;0;1440;1347
1844505072.0;"2016-05-08";0;0.0;0.0;0.0;0;0;0;1440;1347
1844505072.0;"2016-05-09";0;0.0;0.0;0.0;0;0;0;1440;1347
1844505072.0;"2016-05-10";0;0.0;0.0;0.0;0;0;0;1440;1347
1844505072.0;"2016-05-11";0;0.0;0.0;0.0;0;0;0;1440;1347
1844505072.0;"2016-05-12";0;0.0;0.0;0.0;0;0;0;711;665
1927972279.0;"2016-04-12";678;0.469999998807907;0.0;0.469999998807907;0;0;55;734;2220
1927972279.0;"2016-04-13";356;0.25;0.0;0.25;0;0;32;986;2151
1927972279.0;"2016-04-14";2163;1.5;0.0;1.500000029802324;0;0;97;1292;2383
1927972279.0;"2016-04-15";980;0.680000007152557;0.0;0.680000007152557;0;0;51;941;2221
1927972279.0;"2016-04-16";0;0.0;0.0;0.0;0;0;0;1440;2064
1927972279.0;"2016-04-17";0;0.0;0.0;0.0;0;0;0;1440;2063
1927972279.0;"2016-04-18";244;0.170000001788139;0.0;0.170000001788139;0;0;17;1423;2111
1927972279.0;"2016-04-19";0;0.0;0.0;0.0;0;0;0;1440;2063
1927972279.0;"2016-04-20";0;0.0;0.0;0.0;0;0;0;1440;2063
1927972279.0;"2016-04-21";0;0.0;0.0;0.0;0;0;0;1440;2064
1927972279.0;"2016-04-22";149;0.100000001490116;0.0;0.100000001490116;0;0;10;1430;2093
1927972279.0;"2016-04-23";2945;2.03999996185303;0.0;2.03999996185303;0;0;145;1295;2499
1927972279.0;"2016-04-24";2090;1.45000004768372;0.0700000002980232;1.3799999803304719;0;1;81;1358;2324
1927972279.0;"2016-04-25";152;0.109999999403954;0.0;0.109999999403954;0;0;12;1303;2100
1927972279.0;"2016-04-26";3761;2.59999990463257;0.0;2.59999990463257;0;0;192;1058;2638
1927972279.0;"2016-04-27";0;0.0;0.0;0.0;0;0;0;1440;2063
1927972279.0;"2016-04-28";1675;1.1599999666214;0.0;1.1599999666214;0;0;95;1167;2351
1927972279.0;"2016-04-29";0;0.0;0.0;0.0;0;0;0;1440;2063
1927972279.0;"2016-04-30";0;0.0;0.0;0.0;0;0;0;1440;2064
1927972279.0;"2016-05-01";2704;1.87000000476837;1.00999999046326;0.8599999826401468;0;14;71;1355;2411
1927972279.0;"2016-05-02";3790;2.61999988555908;1.1599999666214;1.459999978542329;0;16;102;1322;2505
1927972279.0;"2016-05-03";1326;0.920000016689301;0.730000019073486;0.180000007152557;0;10;17;1413;2195
1927972279.0;"2016-05-04";1786;1.24000000953674;0.0;1.24000000953674;0;0;87;1353;2338
1927972279.0;"2016-05-05";0;0.0;0.0;0.0;0;0;0;1440;2063
1927972279.0;"2016-05-06";2091;1.45000004768372;0.0;1.45000004768372;0;0;108;1332;2383
1927972279.0;"2016-05-07";1510;1.03999996185303;0.0;1.03999996185303;0;0;48;1392;2229
1927972279.0;"2016-05-08";0;0.0;0.0;0.0;0;0;0;1440;2063
1927972279.0;"2016-05-09";0;0.0;0.0;0.0;0;0;0;1440;2063
1927972279.0;"2016-05-10";0;0.0;0.0;0.0;0;0;0;1440;2063
1927972279.0;"2016-05-11";0;0.0;0.0;0.0;0;0;0;1440;2063
1927972279.0;"2016-05-12";0;0.0;0.0;0.0;0;0;0;966;1383
2022484408.0;"2016-04-12";11875;8.34000015258789;3.30999994277954;5.030000209808354;0;42;241;1157;2390
2022484408.0;"2016-04-13";12024;8.5;2.99000000953674;5.509999848902226;0;43;297;1100;2601
2022484408.0;"2016-04-14";10690;7.5;2.48000001907349;5.030000165104869;0;32;260;1148;2312
2022484408.0;"2016-04-15";11034;8.02999973297119;1.94000005722046;6.090000212192535;0;27;291;1122;2525
2022484408.0;"2016-04-16";10100;7.09000015258789;3.15000009536743;3.940000116825099;0;41;162;1237;2177
2022484408.0;"2016-04-17";15112;11.3999996185303;3.86999988555908;7.5400001406669634;0;28;360;1052;2782
2022484408.0;"2016-04-18";14131;10.0699996948242;3.64000010490417;6.420000188052651;0;48;314;1078;2770
2022484408.0;"2016-04-19";11548;8.52999973297119;3.28999996185303;5.239999994635582;0;31;257;1152;2489
2022484408.0;"2016-04-20";15112;10.6700000762939;3.33999991416931;7.33000004291534;0;48;339;1053;2897
2022484408.0;"2016-04-21";12453;8.73999977111816;3.32999992370605;5.41999995708465;0;104;308;1028;3158
2022484408.0;"2016-04-22";12954;9.32999992370605;4.42999982833862;4.8899997770786285;0;52;283;1105;2638
2022484408.0;"2016-04-23";6001;4.21000003814697;0.0;4.21000003814697;0;0;249;1191;2069
2022484408.0;"2016-04-24";13481;10.2799997329712;4.55000019073486;5.729999899864191;0;37;242;1161;2529
2022484408.0;"2016-04-25";11369;8.01000022888184;3.32999992370605;4.680000036954877;0;44;225;1171;2470
2022484408.0;"2016-04-26";10119;7.19000005722046;1.42999994754791;5.770000159740444;0;55;299;1086;2793
2022484408.0;"2016-04-27";10159;7.13000011444092;1.03999996185303;6.08999991416931;0;19;302;1119;2463
2022484408.0;"2016-04-28";10140;7.11999988555908;0.409999996423721;6.71999990940094;0;6;311;1123;2296
2022484408.0;"2016-04-29";10245;7.19000005722046;0.479999989271164;6.71000003814697;0;21;321;1098;2611
2022484408.0;"2016-04-30";18387;12.9099998474121;0.939999997615814;11.96999967098234;0;13;384;1043;2732
2022484408.0;"2016-05-01";10538;7.40000009536743;1.94000005722046;5.459999978542328;0;25;273;1142;2380
2022484408.0;"2016-05-02";10379;7.28999996185303;2.60999989509583;4.669999927282329;0;36;285;1119;2473
2022484408.0;"2016-05-03";12183;8.73999977111816;3.99000000953674;4.740000218153;0;72;264;1104;2752
2022484408.0;"2016-05-04";11768;8.28999996185303;2.50999999046326;5.7799999117851275;0;36;299;1105;2649
2022484408.0;"2016-05-05";11895;8.35000038146973;2.78999996185303;5.559999823570255;0;55;273;1112;2609
2022484408.0;"2016-05-06";10227;7.17999982833862;1.87000000476837;5.309999883174902;0;24;312;1104;2498
2022484408.0;"2016-05-07";6708;4.71000003814697;1.61000001430511;3.0999999791383708;0;20;151;1269;1995
2022484408.0;"2016-05-08";3292;2.30999994277954;0.0;2.30999994277954;0;0;135;1305;1848
2022484408.0;"2016-05-09";13379;9.39000034332275;2.11999988555908;7.26999986171723;0;35;344;1061;2709
2022484408.0;"2016-05-10";12798;8.97999954223633;2.22000002861023;6.76999998092651;0;57;299;1084;2797
2022484408.0;"2016-05-11";13272;9.31999969482422;4.17999982833862;5.13999998569488;0;58;249;1133;2544
2022484408.0;"2016-05-12";9117;6.40999984741211;1.27999997138977;5.110000073909761;0;16;252;728;1853
2026352035.0;"2016-04-12";4414;2.74000000953674;0.189999997615814;2.550000041723256;0;3;189;706;1459
2026352035.0;"2016-04-13";4993;3.09999990463257;0.0;3.09999990463257;0;0;238;663;1521
2026352035.0;"2016-04-14";3335;2.0699999332428;0.0;2.04999995231628;0;0;197;653;1431
2026352035.0;"2016-04-15";3821;2.36999988555908;0.0;2.36999988555908;0;0;188;687;1444
2026352035.0;"2016-04-16";2547;1.58000004291534;0.0;1.58000004291534;0;0;150;728;1373
2026352035.0;"2016-04-17";838;0.519999980926514;0.0;0.519999980926514;0;0;60;1053;1214
2026352035.0;"2016-04-18";3325;2.05999994277954;0.0;2.05999994277954;0;0;182;1062;1419
2026352035.0;"2016-04-19";2424;1.5;0.0;1.5;0;0;141;785;1356
2026352035.0;"2016-04-20";7222;4.48000001907349;0.0;4.48000001907349;0;0;327;623;1667
2026352035.0;"2016-04-21";2467;1.52999997138977;0.0;1.52999997138977;0;0;153;749;1370
2026352035.0;"2016-04-22";2915;1.80999994277954;0.0;1.80999994277954;0;0;162;712;1399
2026352035.0;"2016-04-23";12357;7.71000003814697;0.0;7.71000003814697;0;0;432;458;1916
2026352035.0;"2016-04-24";3490;2.16000008583069;0.0;2.16000008583069;0;0;164;704;1401
2026352035.0;"2016-04-25";6017;3.73000001907349;0.0;3.73000001907349;0;0;260;821;1576
2026352035.0;"2016-04-26";5933;3.6800000667572;0.0;3.6800000667572;0;0;288;1018;1595
2026352035.0;"2016-04-27";6088;3.76999998092651;0.0;3.76999998092651;0;0;286;586;1593
2026352035.0;"2016-04-28";6375;3.95000004768372;0.0;3.95000004768372;0;0;331;626;1649
2026352035.0;"2016-04-29";7604;4.71000003814697;0.0;4.71000003814697;0;0;352;492;1692
2026352035.0;"2016-04-30";4729;2.9300000667572;0.0;2.9300000667572;0;0;233;594;1506
2026352035.0;"2016-05-01";3609;2.27999997138977;0.0;2.27999997138977;0;0;191;716;1447
2026352035.0;"2016-05-02";7018;4.34999990463257;0.0;4.34999990463257;0;0;355;716;1690
2026352035.0;"2016-05-03";5992;3.72000002861023;0.0;3.72000002861023;0;0;304;981;1604
2026352035.0;"2016-05-04";6564;4.07000017166138;0.0;4.07000017166138;0;0;345;530;1658
2026352035.0;"2016-05-05";12167;7.53999996185303;0.0;7.53999996185303;0;0;475;479;1926
2026352035.0;"2016-05-06";8198;5.07999992370605;0.0;5.07999992370605;0;0;383;511;1736
2026352035.0;"2016-05-07";4193;2.59999990463257;0.0;2.59999990463257;0;0;229;665;1491
2026352035.0;"2016-05-08";5528;3.45000004768372;0.0;3.45000004768372;0;0;258;610;1555
2026352035.0;"2016-05-09";10685;6.61999988555908;0.0;6.59999990463257;0;0;401;543;1869
2026352035.0;"2016-05-10";254;0.159999996423721;0.0;0.159999996423721;0;0;17;1002;1141
2026352035.0;"2016-05-11";8580;5.32000017166138;0.0;5.32000017166138;0;0;330;569;1698
2026352035.0;"2016-05-12";8891;5.51000022888184;0.0;5.51000022888184;0;0;343;330;1364
2320127002.0;"2016-04-12";10725;7.48999977111816;1.16999995708466;6.320000231266026;0;13;315;1112;2124
2320127002.0;"2016-04-13";7275;4.90000009536743;0.0;4.90000009536743;0;0;335;1105;2003
2320127002.0;"2016-04-14";3973;2.6800000667572;0.0;2.6800000667572;0;0;191;1249;1696
2320127002.0;"2016-04-15";5205;3.50999999046326;0.0;3.50999999046326;0;0;245;1195;1801
2320127002.0;"2016-04-16";5057;3.41000008583069;0.0;3.40000009536743;0;0;195;1245;1724
2320127002.0;"2016-04-17";6198;4.17999982833862;0.0;4.17999982833862;0;0;249;1191;1852
2320127002.0;"2016-04-18";6559;4.42000007629395;0.0;4.399999856948857;0;0;267;1173;1905
2320127002.0;"2016-04-19";5997;4.03999996185303;0.0;4.040000081062318;0;0;239;1201;1811
2320127002.0;"2016-04-20";7192;4.84999990463257;0.0;4.830000162124633;0;0;294;1146;1922
2320127002.0;"2016-04-21";3404;2.28999996185303;0.0599999986588955;2.229999929666518;0;1;137;1302;1610
2320127002.0;"2016-04-22";5583;3.75999999046326;0.0;3.75999999046326;0;0;266;1174;1851
2320127002.0;"2016-04-23";5079;3.42000007629395;0.0;3.42000007629395;0;0;242;1129;1804
2320127002.0;"2016-04-24";4165;2.80999994277954;0.0;2.79999995231628;0;0;204;1236;1725
2320127002.0;"2016-04-25";3588;2.42000007629395;0.230000004172325;2.190000012516972;0;3;157;1280;1654
2320127002.0;"2016-04-26";3409;2.29999995231628;0.0;2.29999995231628;0;0;147;1293;1632
2320127002.0;"2016-04-27";1715;1.1599999666214;0.0;1.1599999666214;0;0;82;1358;1481
2320127002.0;"2016-04-28";1532;1.02999997138977;0.0;1.02999997138977;0;0;76;1364;1473
2320127002.0;"2016-04-29";924;0.620000004768372;0.0;0.620000004768372;0;0;45;1395;1410
2320127002.0;"2016-04-30";4571;3.07999992370605;0.0;3.0699999332428;0;0;234;1206;1779
2320127002.0;"2016-05-01";772;0.519999980926514;0.0;0.519999980926514;0;0;40;1400;1403
2320127002.0;"2016-05-02";3634;2.45000004768372;0.360000014305115;2.089999988675119;0;5;129;1306;1613
2320127002.0;"2016-05-03";7443;5.01999998092651;1.49000000953674;3.530000090599062;0;20;216;1204;1878
2320127002.0;"2016-05-04";1201;0.810000002384186;0.0;0.810000002384186;0;0;52;1388;1426
2320127002.0;"2016-05-05";5202;3.50999999046326;0.0;3.499999880790715;0;0;234;1206;1780
2320127002.0;"2016-05-06";4878;3.28999996185303;0.0;3.28999996185303;0;0;204;1236;1742
2320127002.0;"2016-05-07";7379;4.96999979019165;0.0;4.96999979019165;0;0;319;1121;1972
2320127002.0;"2016-05-08";5161;3.48000001907349;0.0;3.47000002861023;0;0;247;1193;1821
2320127002.0;"2016-05-09";3090;2.07999992370605;0.0;2.07999992370605;0;0;145;1295;1630
2320127002.0;"2016-05-10";6227;4.19999980926514;0.0;4.19999980926514;0;0;290;1150;1899
2320127002.0;"2016-05-11";6424;4.32999992370605;0.0;4.32999992370605;0;0;300;1140;1903
2320127002.0;"2016-05-12";2661;1.78999996185303;0.0;1.78999996185303;0;0;128;830;1125
2347167796.0;"2016-04-12";10113;6.82999992370605;2.0;4.819999814033512;0;28;333;964;2344
2347167796.0;"2016-04-13";10352;7.01000022888184;1.6599999666214;5.35000014305115;0;19;227;676;2038
2347167796.0;"2016-04-14";10129;6.69999980926514;0.0199999995529652;6.6800000667572;0;1;254;705;2010
2347167796.0;"2016-04-15";10465;6.92000007629395;0.0700000002980232;6.849999785423281;0;1;308;720;2133
2347167796.0;"2016-04-16";22244;15.0799999237061;5.44999980926514;9.63000011444092;0;66;340;968;2670
2347167796.0;"2016-04-17";5472;3.61999988555908;0.0799999982118607;3.539999991655353;0;1;256;508;1882
2347167796.0;"2016-04-18";8247;5.44999980926514;0.790000021457672;4.649999976158145;0;11;222;678;1944
2347167796.0;"2016-04-19";6711;4.44000005722046;0.0;4.44000005722046;0;0;389;648;2346
2347167796.0;"2016-04-20";10999;7.26999998092651;0.680000007152557;6.59000015258789;0;11;312;1011;2198
2347167796.0;"2016-04-21";10080;6.75;1.85000002384186;4.91000008583069;0;23;234;761;2048
2347167796.0;"2016-04-22";7804;5.15999984741211;0.560000002384186;4.60000002384186;0;9;233;781;1946
2347167796.0;"2016-04-23";16901;11.3699998855591;2.77999997138977;8.60000014305115;0;32;395;591;2629
2347167796.0;"2016-04-24";9471;6.26000022888184;0.0;6.26000022888184;0;0;360;584;2187
2347167796.0;"2016-04-25";9482;6.38000011444092;1.26999998092651;5.119999885559084;0;15;288;653;2095
2347167796.0;"2016-04-26";5980;3.95000004768372;0.0;3.95000004768372;0;0;227;732;1861
2347167796.0;"2016-04-27";11423;7.57999992370605;1.86000001430511;5.720000177621843;0;26;304;623;2194
2347167796.0;"2016-04-28";5439;3.59999990463257;0.0;3.59999990463257;0;0;229;764;1854
2347167796.0;"2016-04-29";42;0.0299999993294477;0.0;0.0299999993294477;0;0;4;2;403
2873212765.0;"2016-04-12";8796;5.90999984741211;0.109999999403954;5.810000121593477;0;2;377;1061;1982
2873212765.0;"2016-04-13";7618;5.11999988555908;0.0;5.100000113248827;0;0;412;1028;2004
2873212765.0;"2016-04-14";7910;5.32000017166138;0.0;5.32000017166138;0;0;331;1109;1893
2873212765.0;"2016-04-15";8482;5.69999980926514;0.0;5.69000005722046;0;0;448;992;2063
2873212765.0;"2016-04-16";9685;6.65000009536743;3.10999989509583;3.529999990016225;0;47;306;1087;2148
2873212765.0;"2016-04-17";2524;1.70000004768372;0.0;1.690000027418136;0;0;168;1272;1529
2873212765.0;"2016-04-18";7762;5.23999977111816;0.0700000002980232;5.169999867677693;0;1;317;1122;1890
2873212765.0;"2016-04-19";7948;5.36999988555908;0.0;5.3600001335144;0;0;389;1051;1956
2873212765.0;"2016-04-20";9202;6.30000019073486;1.50999999046326;4.779999844729901;0;22;383;1035;2094
2873212765.0;"2016-04-21";8859;5.98000001907349;0.129999995231628;5.839999794960022;0;2;381;1057;1970
2873212765.0;"2016-04-22";7286;4.90000009536743;0.46000000834465;4.42000007629395;0;46;366;1028;2241
2873212765.0;"2016-04-23";9317;6.34999990463257;2.08999991416931;4.249999985098835;0;28;335;1077;2021
2873212765.0;"2016-04-24";6873;4.67999982833862;3.0;1.6800000034272655;0;46;191;1203;1898
2873212765.0;"2016-04-25";7373;4.94999980926514;0.0;4.94999980926514;0;0;359;1081;1907
2873212765.0;"2016-04-26";8242;5.53999996185303;0.119999997317791;5.419999778270717;0;2;314;1124;1882
2873212765.0;"2016-04-27";3516;2.35999989509583;0.0;2.35999989509583;0;46;197;1197;1966
2873212765.0;"2016-04-28";7913;5.40999984741211;2.16000008583069;3.250000089406969;0;28;220;1192;1835
2873212765.0;"2016-04-29";7365;4.94999980926514;1.36000001430511;3.5900000333786;0;20;229;1191;1780
2873212765.0;"2016-04-30";8452;5.67999982833862;0.330000013113022;5.34000027179718;0;5;268;1167;1830
2873212765.0;"2016-05-01";7399;4.96999979019165;0.490000009536743;4.48000001907349;0;7;214;1219;1739
2873212765.0;"2016-05-02";7525;5.05999994277954;0.0;5.039999917149539;0;0;341;1099;1878
2873212765.0;"2016-05-03";7412;4.98000001907349;0.0599999986588955;4.90999984741211;0;1;369;1070;1906
2873212765.0;"2016-05-04";8278;5.55999994277954;0.0;5.55999994277954;0;0;420;1020;2015
2873212765.0;"2016-05-05";8314;5.6100001335144;0.779999971389771;4.830000221729279;0;13;334;1093;1971
2873212765.0;"2016-05-06";7063;4.75;0.0;4.730000130832191;0;0;375;1065;1910
2873212765.0;"2016-05-07";4940;3.38000011444092;2.27999997138977;1.100000023841858;0;75;63;1302;1897
2873212765.0;"2016-05-08";8168;5.53999996185303;2.90000009536743;2.64000010490417;0;46;326;1068;2096
2873212765.0;"2016-05-09";7726;5.19000005722046;0.0;5.19000005722046;0;0;345;1095;1906
2873212765.0;"2016-05-10";8275;5.55999994277954;0.0;5.55000019073486;0;0;373;1067;1962
2873212765.0;"2016-05-11";6440;4.32999992370605;0.0;4.32000017166138;0;0;319;1121;1826
2873212765.0;"2016-05-12";7566;5.1100001335144;0.0;5.1100001335144;0;0;268;720;1431
3372868164.0;"2016-04-12";4747;3.24000000953674;0.0;3.23000001907349;0;0;280;1160;1788
3372868164.0;"2016-04-13";9715;6.63000011444092;0.990000009536743;5.609999984502789;0;16;379;1045;2093
3372868164.0;"2016-04-14";8844;6.03000020980835;0.340000003576279;5.6800000667572;0;6;395;1039;2065
3372868164.0;"2016-04-15";7451;5.07999992370605;0.0;5.05999994277954;0;0;335;1105;1908
3372868164.0;"2016-04-16";6905;4.73000001907349;0.0;4.69999980926514;0;0;356;1084;1908
3372868164.0;"2016-04-17";8199;5.88000011444092;1.4099999666214;4.460000135004516;0;11;324;1105;1964
3372868164.0;"2016-04-18";6798;4.6399998664856;1.08000004291534;3.549999907612802;0;20;350;1070;2014
3372868164.0;"2016-04-19";7711;5.26000022888184;0.0;5.23999977111816;0;0;376;1064;1985
3372868164.0;"2016-04-20";4880;3.32999992370605;0.839999973773956;2.470000118017199;0;15;277;1148;1867
3372868164.0;"2016-04-21";8857;6.07000017166138;1.14999997615814;4.899999856948857;0;18;385;1037;2124
3372868164.0;"2016-04-22";3843;2.61999988555908;0.0;2.60999989509583;0;0;206;1234;1669
3372868164.0;"2016-04-23";7396;5.07000017166138;1.39999997615814;3.6599999219179105;0;20;305;1115;1995
3372868164.0;"2016-04-24";6731;4.59000015258789;0.889999985694885;3.680000007152554;0;14;299;1127;1921
3372868164.0;"2016-04-25";5995;4.09000015258789;0.0;4.09000015258789;0;0;416;1024;2010
3372868164.0;"2016-04-26";8283;5.78999996185303;1.85000002384186;3.919999886304138;0;22;335;1083;2057
3372868164.0;"2016-04-27";7904;5.42000007629395;1.58000004291534;3.820000052452088;0;24;359;1057;2095
3372868164.0;"2016-04-28";5512;3.75999999046326;0.0;3.75999999046326;0;0;385;1055;1972
3372868164.0;"2016-04-29";9135;6.23000001907349;0.0;6.21999979019165;0;0;402;1038;2044
3372868164.0;"2016-04-30";5250;3.57999992370605;1.05999994277954;2.510000079870229;0;17;304;1119;1946
3372868164.0;"2016-05-01";3077;2.09999990463257;0.0;2.08999991416931;0;0;172;842;1237
3977333714.0;"2016-04-12";8856;5.98000001907349;3.05999994277954;2.920000016689304;0;44;150;777;1450
3977333714.0;"2016-04-13";10035;6.71000003814697;2.02999997138977;4.6800000667572;0;31;199;754;1495
3977333714.0;"2016-04-14";7641;5.1100001335144;0.319999992847443;4.789999961853029;0;5;237;801;1433
3977333714.0;"2016-04-15";9010;6.05999994277954;1.04999995231628;5.00999999046326;0;15;225;644;1468
3977333714.0;"2016-04-16";13459;9.0;2.02999997138977;6.9700000286102295;0;31;236;663;1625
3977333714.0;"2016-04-17";10415;6.96999979019165;0.699999988079071;6.269999980926521;0;11;263;600;1529
3977333714.0;"2016-04-18";11663;7.80000019073486;0.25;7.5499999523162895;0;4;309;605;1584
3977333714.0;"2016-04-19";12414;8.77999973297119;2.24000000953674;6.41000008583069;0;19;288;738;1638
3977333714.0;"2016-04-20";11658;7.82999992370605;0.200000002980232;7.629999876022341;0;2;262;845;1554
3977333714.0;"2016-04-21";6093;4.07999992370605;0.0;4.05999994277954;0;0;242;712;1397
3977333714.0;"2016-04-22";8911;5.96000003814697;2.32999992370605;3.639999926090239;0;33;200;731;1481
3977333714.0;"2016-04-23";12058;8.06999969482422;0.0;8.06999969482422;0;0;344;724;1638
3977333714.0;"2016-04-24";14112;10.0;3.26999998092651;6.73000001907349;0;30;224;660;1655
3977333714.0;"2016-04-25";11177;8.47999954223633;5.61999988555908;2.8400000929832467;0;50;142;781;1570
3977333714.0;"2016-04-26";11388;7.61999988555908;0.449999988079071;7.16999983787537;0;7;265;797;1551
3977333714.0;"2016-04-27";7193;5.03999996185303;0.0;5.039999872446058;0;0;186;714;1377
3977333714.0;"2016-04-28";7114;4.88000011444092;1.37000000476837;3.51000002026558;0;15;198;804;1407
3977333714.0;"2016-04-29";10645;7.75;3.74000000953674;4.00999999046325;0;36;182;744;1545
3977333714.0;"2016-04-30";13238;9.19999980926514;3.69000005722046;5.50999999046326;0;43;246;687;1650
3977333714.0;"2016-05-01";10414;7.07000017166138;2.67000007629395;4.39000010490418;0;41;164;691;1501
3977333714.0;"2016-05-02";16520;11.0500001907349;1.53999996185303;9.5;0;24;319;713;1760
3977333714.0;"2016-05-03";14335;9.59000015258789;3.3199999332428;6.270000219345089;0;47;299;594;1710
3977333714.0;"2016-05-04";13559;9.4399995803833;1.80999994277954;7.470000028610221;0;14;238;852;1628
3977333714.0;"2016-05-05";12312;8.57999992370605;1.75999999046326;6.82000017166137;0;14;266;680;1618
3977333714.0;"2016-05-06";11677;8.27999973297119;3.10999989509583;5.18000006675721;0;29;223;676;1590
3977333714.0;"2016-05-07";11550;7.73000001907349;0.0;7.7200000286102295;0;0;294;703;1574
3977333714.0;"2016-05-08";13585;9.09000015258789;0.680000007152557;8.40999984741211;0;9;287;688;1633
3977333714.0;"2016-05-09";14687;10.0799999237061;0.769999980926514;9.14999985694885;0;8;273;1159;1667
3977333714.0;"2016-05-10";13072;8.77999973297119;0.0700000002980232;8.710000038146969;0;1;311;676;1630
3977333714.0;"2016-05-11";746;0.5;0.370000004768372;0.129999995231628;0;4;9;13;52
4020332650.0;"2016-04-12";8539;6.11999988555908;0.150000005960464;5.919999822974202;0;4;346;712;3654
4020332650.0;"2016-04-13";0;0.0;0.0;0.0;0;0;0;1440;1981
4020332650.0;"2016-04-14";108;0.0799999982118607;0.0;0.0299999993294477;0;0;3;1437;2011
4020332650.0;"2016-04-15";1882;1.35000002384186;0.209999993443489;1.129999995231629;0;36;105;1299;2951
4020332650.0;"2016-04-16";1982;1.41999995708466;0.449999988079071;0.959999978542328;0;65;76;1222;3051
4020332650.0;"2016-04-17";16;0.00999999977648258;0.0;0.00999999977648258;0;0;2;1438;1990
4020332650.0;"2016-04-18";62;0.0399999991059303;0.0;0.0399999991059303;0;0;2;1438;1995
4020332650.0;"2016-04-19";0;0.0;0.0;0.0;0;0;0;1440;1980
4020332650.0;"2016-04-20";0;0.0;0.0;0.0;0;0;0;1440;1980
4020332650.0;"2016-04-21";0;0.0;0.0;0.0;0;0;0;1440;1980
4020332650.0;"2016-04-22";0;0.0;0.0;0.0;0;0;0;1440;1980
4020332650.0;"2016-04-23";0;0.0;0.0;0.0;0;0;0;1440;1980
4020332650.0;"2016-04-24";0;0.0;0.0;0.0;0;0;0;1440;1980
4020332650.0;"2016-04-25";0;0.0;0.0;0.0;0;0;0;1440;1980
4020332650.0;"2016-04-26";0;0.0;0.0;0.0;0;0;0;1440;1980
4020332650.0;"2016-04-27";0;0.0;0.0;0.0;0;0;0;1440;1980
4020332650.0;"2016-04-28";0;0.0;0.0;0.0;0;0;0;1440;1980
4020332650.0;"2016-04-29";0;0.0;0.0;0.0;0;0;0;1440;1980
4020332650.0;"2016-04-30";0;0.0;0.0;0.0;0;0;0;1440;1980
4020332650.0;"2016-05-01";0;0.0;0.0;0.0;0;0;0;1440;1980
4020332650.0;"2016-05-02";475;0.340000003576279;0.0;0.3299999907612803;0;0;42;1350;2207
4020332650.0;"2016-05-03";4496;3.22000002861023;0.0;3.15000009536743;0;0;174;950;2828
4020332650.0;"2016-05-04";10252;7.34999990463257;0.670000016689301;6.61999988555908;0;13;392;531;3879
4020332650.0;"2016-05-05";11728;8.43000030517578;2.61999988555908;5.71999990940094;0;38;238;916;3429
4020332650.0;"2016-05-06";4369;3.13000011444092;0.0;3.09999990463257;0;0;177;855;2704
4020332650.0;"2016-05-07";6132;4.40000009536743;0.0;3.57999992370605;0;0;184;1256;2975
4020332650.0;"2016-05-08";5862;4.19999980926514;0.0;4.15000009536743;0;0;263;775;3089
4020332650.0;"2016-05-09";4556;3.26999998092651;0.200000002980232;3.060000054538251;0;3;178;1225;2785
4020332650.0;"2016-05-10";5546;3.98000001907349;0.0;3.86999988555908;0;0;206;774;2926
4020332650.0;"2016-05-11";3689;2.65000009536743;0.109999999403954;2.4999999254941887;0;2;142;1296;2645
4020332650.0;"2016-05-12";590;0.419999986886978;0.0;0.409999996423721;0;0;21;721;1120
4057192912.0;"2016-04-12";5394;4.03000020980835;0.0;3.94000005722046;0;0;164;1276;2286
4057192912.0;"2016-04-13";5974;4.46999979019165;0.0;4.36999988555908;0;0;160;1280;2306
4057192912.0;"2016-04-14";0;0.0;0.0;0.0;0;0;0;1440;1776
4057192912.0;"2016-04-15";3984;2.95000004768372;0.209999993443489;2.7000000476837167;0;3;94;873;1527
4319703577.0;"2016-04-12";7753;5.19999980926514;0.0;0.0;0;0;0;1440;2115
4319703577.0;"2016-04-13";8204;5.5;0.529999971389771;1.899999916553496;0;8;111;1234;2135
4319703577.0;"2016-04-14";10210;6.88000011444092;0.109999999403954;6.770000070333482;0;1;348;589;2302
4319703577.0;"2016-04-15";5664;3.79999995231628;0.0;3.79999995231628;0;0;228;752;1985
4319703577.0;"2016-04-16";4744;3.1800000667572;0.0;3.1800000667572;0;0;194;724;1884
4319703577.0;"2016-04-17";29;0.0199999995529652;0.0;0.0199999995529652;0;0;3;1363;1464
4319703577.0;"2016-04-18";2276;1.54999995231628;0.0700000002980232;1.450000017881392;0;1;67;824;1632
4319703577.0;"2016-04-19";8925;5.98999977111816;0.0;5.98999977111816;0;0;311;604;2200
4319703577.0;"2016-04-20";8954;6.01000022888184;0.0;5.9899999499320975;0;0;324;671;2220
4319703577.0;"2016-04-21";3702;2.48000001907349;0.0;0.349999994039536;0;0;34;1265;1792
4319703577.0;"2016-04-22";4500;3.01999998092651;0.0599999986588955;2.9600000977516157;0;1;195;709;1886
4319703577.0;"2016-04-23";4935;3.30999994277954;0.0;3.30999994277954;0;0;233;546;1945
4319703577.0;"2016-04-24";4081;2.74000000953674;0.0599999986588955;2.6700000315904617;0;1;196;692;1880
4319703577.0;"2016-04-25";9259;6.21000003814697;0.0;6.209999829530713;0;0;398;544;2314
4319703577.0;"2016-04-26";9899;6.6399998664856;0.569999992847443;6.07000011205673;0;8;309;649;2236
4319703577.0;"2016-04-27";10780;7.23000001907349;0.409999996423721;6.8299998044967705;0;6;347;680;2324
4319703577.0;"2016-04-28";10817;7.28000020980835;1.00999999046326;6.270000070333482;0;13;367;552;2367
4319703577.0;"2016-04-29";7990;5.3600001335144;0.449999988079071;4.909999907016752;0;6;307;624;2175
4319703577.0;"2016-04-30";8221;5.51999998092651;0.400000005960464;5.12000000476837;0;6;234;695;2092
4319703577.0;"2016-05-01";1251;0.839999973773956;0.0;0.839999973773956;0;0;67;836;1593
4319703577.0;"2016-05-02";9261;6.23999977111816;0.0;6.150000035762784;0;0;355;585;2270
4319703577.0;"2016-05-03";9648;6.46999979019165;0.579999983310699;5.89999997615814;0;8;313;669;2235
4319703577.0;"2016-05-04";10429;7.01999998092651;0.589999973773956;6.42999988794327;0;8;326;1106;2282
4319703577.0;"2016-05-05";13658;9.48999977111816;2.63000011444092;6.85999977588654;0;27;362;957;2530
4319703577.0;"2016-05-06";9524;6.42000007629395;0.409999996423721;5.930000036954877;0;6;325;692;2266
4319703577.0;"2016-05-07";7937;5.32999992370605;0.189999997615814;5.12999987602233;0;3;307;586;2158
4319703577.0;"2016-05-08";3672;2.46000003814697;0.0;2.46000003814697;0;0;153;603;1792
4319703577.0;"2016-05-09";10378;6.96000003814697;0.140000000596046;6.810000002384186;0;2;388;490;2345
4319703577.0;"2016-05-10";9487;6.36999988555908;0.209999993443489;6.1599998176097905;0;3;341;555;2260
4319703577.0;"2016-05-11";9129;6.13000011444092;0.200000002980232;5.9199998378753635;0;3;329;574;2232
4319703577.0;"2016-05-12";17;0.00999999977648258;0.0;0.00999999977648258;0;0;2;0;257
4388161847.0;"2016-04-12";10122;7.78000020980835;0.0;0.0;0;0;0;1440;2955
4388161847.0;"2016-04-13";10993;8.44999980926514;0.0599999986588955;4.510000109672548;0;1;164;1275;3092
4388161847.0;"2016-04-14";8863;6.82000017166138;0.129999995231628;6.68999993801117;0;10;254;945;2998
4388161847.0;"2016-04-15";8758;6.73000001907349;0.0;6.73000001907349;0;0;299;837;3066
4388161847.0;"2016-04-16";6580;5.05999994277954;0.209999993443489;4.849999815225604;0;6;262;609;3073
4388161847.0;"2016-04-17";4660;3.57999992370605;0.0;3.57999992370605;0;0;201;721;2572
4388161847.0;"2016-04-18";11009;9.10000038146973;3.55999994277954;5.539999872446064;0;27;247;1017;3274
4388161847.0;"2016-04-19";10181;7.82999992370605;1.37000000476837;6.459999978542324;0;20;265;704;3015
4388161847.0;"2016-04-20";10553;8.11999988555908;1.10000002384186;7.00999999046326;0;19;270;696;3083
4388161847.0;"2016-04-21";10055;7.73000001907349;0.370000004768372;7.370000004768375;0;7;284;853;3069
4388161847.0;"2016-04-22";12139;9.34000015258789;3.29999995231628;6.03000009059906;0;77;245;945;3544
4388161847.0;"2016-04-23";13236;10.1800003051758;4.5;5.669999897480013;0;58;220;749;3306
4388161847.0;"2016-04-24";10243;7.88000011444092;1.08000004291534;6.810000181198117;0;14;247;584;2885
4388161847.0;"2016-04-25";12961;9.97000026702881;0.730000019073486;9.24000012874603;0;11;332;1054;3288
4388161847.0;"2016-04-26";9461;7.28000020980835;0.939999997615814;6.32999992370605;0;14;247;673;2929
4388161847.0;"2016-04-27";11193;8.60999965667725;0.699999988079071;7.89999985694886;0;11;289;684;3074
4388161847.0;"2016-04-28";10074;7.75;1.28999996185303;6.460000216960907;0;19;243;878;2969
4388161847.0;"2016-04-29";9232;7.09999990463257;0.800000011920929;6.310000061988835;0;13;252;1175;2979
4388161847.0;"2016-04-30";12533;9.64000034332275;0.699999988079071;8.940000057220459;0;14;343;537;3283
4388161847.0;"2016-05-01";10255;7.8899998664856;1.00999999046326;6.879999816417698;0;12;256;579;2926
4388161847.0;"2016-05-02";10096;8.39999961853027;3.76999998092651;4.63000018894672;0;33;208;935;3147
4388161847.0;"2016-05-03";12727;9.78999996185303;1.12999999523163;8.66000008583069;0;18;324;984;3290
4388161847.0;"2016-05-04";12375;9.52000045776367;2.78999996185303;6.730000197887417;0;35;272;632;3162
4388161847.0;"2016-05-05";9603;7.38000011444092;0.629999995231628;6.76000010967255;0;12;238;896;2899
4388161847.0;"2016-05-06";13175;10.1300001144409;2.10999989509583;8.019999742507931;0;33;307;1100;3425
4388161847.0;"2016-05-07";22770;17.5400009155273;9.44999980926514;8.099999904632561;0;120;316;508;4022
4388161847.0;"2016-05-08";17298;14.3800001144409;9.89000034332275;4.49000000953675;0;107;216;576;3934
4388161847.0;"2016-05-09";10218;7.8600001335144;0.340000003576279;7.519999980926516;0;6;277;1020;3013
4388161847.0;"2016-05-10";10299;7.92000007629395;0.810000002384186;7.110000014305112;0;13;281;648;3061
4388161847.0;"2016-05-11";10201;7.84000015258789;0.529999971389771;7.320000231266022;0;8;274;858;2954
4388161847.0;"2016-05-12";3369;2.58999991416931;0.0;2.58999991416931;0;0;108;825;1623
4445114986.0;"2016-04-12";3276;2.20000004768372;0.0;2.20000004768372;0;0;196;787;2113
4445114986.0;"2016-04-13";2961;1.99000000953674;0.0;1.99000000953674;0;0;194;840;2095
4445114986.0;"2016-04-14";3974;2.67000007629395;0.0;2.67000007629395;0;0;231;717;2194
4445114986.0;"2016-04-15";7198;4.82999992370605;0.0;4.82999992370605;0;0;350;711;2496
4445114986.0;"2016-04-16";3945;2.65000009536743;0.0;2.65000009536743;0;0;225;716;2180
4445114986.0;"2016-04-17";2268;1.51999998092651;0.0;1.51999998092651;0;0;114;1219;1933
4445114986.0;"2016-04-18";6155;4.23999977111816;2.0;2.24000003933907;0;25;168;1247;2248
4445114986.0;"2016-04-19";2064;1.38999998569489;0.0;1.38999998569489;0;0;121;895;1954
4445114986.0;"2016-04-20";2072;1.38999998569489;0.0;1.38999998569489;0;0;137;841;1974
4445114986.0;"2016-04-21";3809;2.55999994277954;0.0;2.53999996185303;0;0;215;756;2150
4445114986.0;"2016-04-22";6831;4.57999992370605;0.0;4.57999992370605;0;0;317;706;2432
4445114986.0;"2016-04-23";4363;2.9300000667572;0.0;2.9300000667572;0;0;201;1239;2149
4445114986.0;"2016-04-24";5002;3.35999989509583;0.0;3.35999989509583;0;0;244;1196;2247
4445114986.0;"2016-04-25";3385;2.26999998092651;0.0;2.26999998092651;0;0;179;916;2070
4445114986.0;"2016-04-26";6326;4.40999984741211;2.41000008583069;2.0000000372529003;0;29;181;839;2291
4445114986.0;"2016-04-27";7243;5.03000020980835;2.61999988555908;2.410000113770368;0;32;195;839;2361
4445114986.0;"2016-04-28";4493;3.00999999046326;0.0;3.00999999046326;0;0;236;762;2203
4445114986.0;"2016-04-29";4676;3.14000010490417;0.0;3.13000011444092;0;0;226;1106;2196
4445114986.0;"2016-04-30";6222;4.17999982833862;0.0;4.17999982833862;0;0;290;797;2363
4445114986.0;"2016-05-01";5232;3.50999999046326;0.0;3.50999999046326;0;0;240;741;2246
4445114986.0;"2016-05-02";6910;4.75;2.21000003814697;2.5399999022483843;0;27;204;667;2336
4445114986.0;"2016-05-03";7502;5.17999982833862;2.48000001907349;2.689999923110004;0;30;235;725;2421
4445114986.0;"2016-05-04";2923;1.96000003814697;0.0;1.96000003814697;0;0;180;897;2070
4445114986.0;"2016-05-05";3800;2.54999995231628;0.119999997317791;2.420000061392782;0;2;191;734;2120
4445114986.0;"2016-05-06";4514;3.02999997138977;0.0;3.02999997138977;0;0;229;809;2211
4445114986.0;"2016-05-07";5183;3.58999991416931;2.13000011444092;1.439999997615814;0;26;112;866;2123
4445114986.0;"2016-05-08";7303;4.90000009536743;0.0;4.90000009536743;0;0;316;733;2423
4445114986.0;"2016-05-09";5275;3.53999996185303;0.0;3.53999996185303;0;0;266;641;2281
4445114986.0;"2016-05-10";3915;2.63000011444092;0.0;2.63000011444092;0;0;231;783;2181
4445114986.0;"2016-05-11";9105;6.1100001335144;2.25;3.85999989509583;0;34;254;622;2499
4445114986.0;"2016-05-12";768;0.519999980926514;0.0;0.519999980926514;0;0;58;380;1212
4558609924.0;"2016-04-12";5135;3.39000010490417;0.0;3.39000010490417;0;0;318;1122;1909
4558609924.0;"2016-04-13";4978;3.28999996185303;1.24000000953674;2.050000011920924;0;19;134;1287;1722
4558609924.0;"2016-04-14";6799;4.48999977111816;0.0;4.48999977111816;0;0;279;1161;1922
4558609924.0;"2016-04-15";7795;5.15000009536743;0.589999973773956;4.569999992847446;0;17;292;1131;2121
4558609924.0;"2016-04-16";7289;4.82000017166138;0.550000011920929;4.25;0;8;320;1112;1997
4558609924.0;"2016-04-17";9634;6.40000009536743;0.550000011920929;5.85000002384186;0;7;323;1110;2117
4558609924.0;"2016-04-18";8940;5.90999984741211;0.980000019073486;4.930000007152557;0;14;346;1080;2116
4558609924.0;"2016-04-19";5401;3.5699999332428;0.0500000007450581;3.520000100135805;0;1;257;1182;1876
4558609924.0;"2016-04-20";4803;3.17000007629395;0.0;3.17000007629395;0;0;222;1218;1788
4558609924.0;"2016-04-21";13743;9.07999992370605;0.419999986886978;8.66999983787537;0;6;453;844;2486
4558609924.0;"2016-04-22";9601;6.34999990463257;1.37000000476837;4.9700000286102295;0;20;298;1122;2094
4558609924.0;"2016-04-23";6890;4.55000019073486;0.340000003576279;4.210000231862073;0;5;313;1122;2085
4558609924.0;"2016-04-24";8563;5.65999984741211;0.0;5.65000009536743;0;0;395;1045;2173
4558609924.0;"2016-04-25";8095;5.34999990463257;0.589999973773956;4.76000022888184;0;18;350;993;2225
4558609924.0;"2016-04-26";9148;6.05000019073486;0.430000007152557;5.61999988555908;0;12;324;1062;2223
4558609924.0;"2016-04-27";9557;6.32000017166138;1.96000003814697;4.350000023841855;0;27;326;1087;2098
4558609924.0;"2016-04-28";9451;6.25;0.0199999995529652;6.219999819993976;0;1;378;985;2185
4558609924.0;"2016-04-29";7833;5.17999982833862;1.01999998092651;4.1599999666214;0;15;226;1096;1918
4558609924.0;"2016-04-30";10319;6.82000017166138;0.469999998807907;6.35000002384186;0;7;322;1111;2105
4558609924.0;"2016-05-01";3428;2.26999998092651;0.0;2.26999998092651;0;0;190;1121;1692
4558609924.0;"2016-05-02";7891;5.21999979019165;0.0;5.21999979019165;0;0;383;1057;2066
4558609924.0;"2016-05-03";5267;3.48000001907349;0.600000023841858;2.879999905824663;0;21;247;1172;1953
4558609924.0;"2016-05-04";5232;3.46000003814697;0.0;3.46000003814697;0;0;252;1188;1842
4558609924.0;"2016-05-05";10611;7.01000022888184;1.00999999046326;6.01000022888184;0;14;378;1048;2262
4558609924.0;"2016-05-06";3755;2.48000001907349;0.0;2.48000001907349;0;0;202;1238;1722
4558609924.0;"2016-05-07";8237;5.44000005722046;1.61000001430511;3.82999992370605;0;23;249;1116;1973
4558609924.0;"2016-05-08";6543;4.32999992370605;1.79999995231628;2.51999998092651;0;66;273;1019;2666
4558609924.0;"2016-05-09";11451;7.57000017166138;0.430000007152557;7.13999998569488;0;6;369;1065;2223
4558609924.0;"2016-05-10";6435;4.25;0.740000009536743;3.51000010967254;0;11;238;1191;1889
4558609924.0;"2016-05-11";9108;6.01999998092651;0.259999990463257;5.76000010967255;0;4;355;1081;2131
4558609924.0;"2016-05-12";6307;4.17000007629395;0.0;4.17000007629395;0;0;247;736;1452
4702921684.0;"2016-04-12";7213;5.88000011444092;0.0;5.84999990463257;0;0;263;718;2947
4702921684.0;"2016-04-13";6877;5.57999992370605;0.0;5.57999992370605;0;0;258;777;2898
4702921684.0;"2016-04-14";7860;6.36999988555908;0.0;6.36999988555908;0;0;271;772;2984
4702921684.0;"2016-04-15";6506;5.28000020980835;0.0700000002980232;5.209999948740008;0;1;264;944;2896
4702921684.0;"2016-04-16";11140;9.02999973297119;0.239999994635582;8.789999961853031;0;3;359;556;3328
4702921684.0;"2016-04-17";12692;10.289999961853;0.959999978542328;9.34000015258789;0;12;368;437;3394
4702921684.0;"2016-04-18";9105;7.38000011444092;1.82000005245209;5.56000018119812;0;22;221;890;3013
4702921684.0;"2016-04-19";6708;5.44000005722046;0.879999995231628;4.560000061988832;0;10;187;757;2812
4702921684.0;"2016-04-20";8793;7.13000011444092;0.159999996423721;6.96000003814698;0;2;289;717;3061
4702921684.0;"2016-04-21";6530;5.30000019073486;0.310000002384186;4.99000000953674;0;4;185;901;2729
4702921684.0;"2016-04-22";1664;1.35000002384186;0.0;1.35000002384186;0;0;72;1341;2241
4702921684.0;"2016-04-23";15126;12.2700004577637;0.759999990463257;11.51000046730041;0;9;474;469;3691
4702921684.0;"2016-04-24";15050;12.2200002670288;1.20000004768372;11.0;0;15;376;542;3538
4702921684.0;"2016-04-25";9167;7.42999982833862;0.490000009536743;6.9300001263618425;0;6;285;730;3064
4702921684.0;"2016-04-26";6108;4.94999980926514;0.0700000002980232;4.889999955892566;0;1;224;765;2784
4702921684.0;"2016-04-27";7047;5.71999979019165;0.0900000035762787;5.580000221729279;0;1;254;733;2908
4702921684.0;"2016-04-28";9023;7.32000017166138;1.12999999523163;6.189999967813488;0;14;241;738;3033
4702921684.0;"2016-04-29";9930;8.05000019073486;1.05999994277954;6.990000188350681;0;12;286;692;3165
4702921684.0;"2016-04-30";10144;8.22999954223633;0.319999992847443;7.91000008583069;0;4;299;728;3115
4702921684.0;"2016-05-01";0;0.0;0.0;0.0;0;0;0;1440;2017
4702921684.0;"2016-05-02";7245;5.92000007629395;0.379999995231628;5.5;0;5;235;1131;2859
4702921684.0;"2016-05-03";9454;7.67000007629395;0.0;7.67000007629395;0;0;313;729;3145
4702921684.0;"2016-05-04";8161;6.61999988555908;0.340000003576279;6.269999980926516;0;4;266;757;3004
4702921684.0;"2016-05-05";8614;6.98999977111816;0.670000016689301;6.310000151395797;0;8;246;745;3006
4702921684.0;"2016-05-06";6943;5.63000011444092;0.0799999982118607;5.529999911785124;0;1;223;682;2859
4702921684.0;"2016-05-07";14370;11.6499996185303;0.370000004768372;11.28000020980835;0;5;485;577;3683
4702921684.0;"2016-05-08";12857;10.4300003051758;0.680000007152557;9.75;0;9;317;1019;3287
4702921684.0;"2016-05-09";8232;6.67999982833862;0.0;6.669999897480013;0;0;265;746;2990
4702921684.0;"2016-05-10";10613;8.60999965667725;0.0799999982118607;8.53000009059906;0;1;299;701;3172
4702921684.0;"2016-05-11";9810;7.96000003814697;0.779999971389771;7.14000010490418;0;10;276;784;3069
4702921684.0;"2016-05-12";2752;2.23000001907349;0.0;2.23000001907349;0;0;68;241;1240
5553957443.0;"2016-04-12";11596;7.57000017166138;1.37000000476837;6.199999868869782;0;19;290;767;2026
5553957443.0;"2016-04-13";4832;3.16000008583069;0.0;3.16000008583069;0;0;226;647;1718
5553957443.0;"2016-04-14";17022;11.1199998855591;4.0;7.12000012397767;0;61;297;693;2324
5553957443.0;"2016-04-15";16556;10.8599996566772;4.15999984741211;6.69000005722046;0;58;277;689;2254
5553957443.0;"2016-04-16";5771;3.76999998092651;0.0;3.76999998092651;0;0;288;521;1831
5553957443.0;"2016-04-17";655;0.430000007152557;0.0;0.430000007152557;0;0;46;943;1397
5553957443.0;"2016-04-18";3727;2.4300000667572;0.0;2.4300000667572;0;0;206;622;1683
5553957443.0;"2016-04-19";15482;10.1099996566772;4.28000020980835;5.83999979496002;0;69;277;756;2284
5553957443.0;"2016-04-20";2713;1.76999998092651;0.0;1.76999998092651;0;0;148;598;1570
5553957443.0;"2016-04-21";12346;8.0600004196167;2.95000004768372;5.120000123977659;0;47;219;801;2066
5553957443.0;"2016-04-22";11682;7.63000011444092;1.37999999523163;6.2299998998641986;0;25;286;781;2105
5553957443.0;"2016-04-23";4112;2.69000005722046;0.0;2.6800000667572;0;0;272;443;1776
5553957443.0;"2016-04-24";1807;1.17999994754791;0.0;1.17999994754791;0;0;104;582;1507
5553957443.0;"2016-04-25";10946;7.19000005722046;2.9300000667572;4.2600000500679025;0;51;212;732;2033
5553957443.0;"2016-04-26";11886;7.76000022888184;2.36999988555908;5.390000045299527;0;40;256;750;2093
5553957443.0;"2016-04-27";10538;6.88000011444092;1.13999998569489;5.73999977111816;0;16;222;745;1922
5553957443.0;"2016-04-28";11393;7.63000011444092;3.71000003814697;3.92000007629395;0;49;178;727;1999
5553957443.0;"2016-04-29";12764;8.32999992370605;2.78999996185303;5.5499998331069955;0;46;285;709;2169
5553957443.0;"2016-04-30";1202;0.779999971389771;0.0;0.779999971389771;0;0;84;506;1463
5553957443.0;"2016-05-01";5164;3.36999988555908;0.0;3.36999988555908;0;0;237;436;1747
5553957443.0;"2016-05-02";9769;6.38000011444092;1.05999994277954;5.310000091791151;0;23;236;724;1996
5553957443.0;"2016-05-03";12848;8.39000034332275;1.5;6.879999876022341;0;26;276;812;2116
5553957443.0;"2016-05-04";4249;2.76999998092651;0.0;2.76999998092651;0;0;224;651;1698
5553957443.0;"2016-05-05";14331;9.51000022888184;3.4300000667572;6.08999979496002;0;44;270;692;2156
5553957443.0;"2016-05-06";9632;6.28999996185303;1.51999998092651;4.770000040531162;0;21;238;761;1916
5553957443.0;"2016-05-07";1868;1.22000002861023;0.0;1.22000002861023;0;0;96;902;1494
5553957443.0;"2016-05-08";6083;4.0;0.219999998807907;3.7699999511241873;0;3;218;505;1762
5553957443.0;"2016-05-09";11611;7.57999992370605;2.13000011444092;5.449999928474425;0;59;273;667;2272
5553957443.0;"2016-05-10";16358;10.710000038147;3.86999988555908;6.809999823570251;0;61;305;707;2335
5553957443.0;"2016-05-11";4926;3.22000002861023;0.0;3.22000002861023;0;0;195;628;1693
5553957443.0;"2016-05-12";3121;2.03999996185303;0.579999983310699;1.459999948740004;0;8;54;222;741
5577150313.0;"2016-04-12";8135;6.07999992370605;3.59999990463257;2.479999899864198;0;86;156;728;3405
5577150313.0;"2016-04-13";5077;3.78999996185303;0.319999992847443;3.469999998807907;0;15;155;776;2551
5577150313.0;"2016-04-14";8596;6.42000007629395;3.32999992370605;3.0899999737739563;0;118;206;662;4022
5577150313.0;"2016-04-15";12087;9.07999992370605;3.92000007629395;5.1599999666214;0;115;253;695;4005
5577150313.0;"2016-04-16";14269;10.6599998474121;6.6399998664856;4.00999999046326;0;184;214;472;4274
5577150313.0;"2016-04-17";12231;9.14000034332275;5.98000001907349;3.149999916553499;0;200;196;525;4552
5577150313.0;"2016-04-18";9893;7.3899998664856;4.8600001335144;2.540000081062319;0;114;162;623;3625
5577150313.0;"2016-04-19";12574;9.42000007629395;7.01999998092651;2.3999999761581448;0;108;134;733;3501
5577150313.0;"2016-04-20";8330;6.21999979019165;4.11999988555908;2.099999994039539;0;87;129;773;3192
5577150313.0;"2016-04-21";10830;8.09000015258789;3.65000009536743;4.43999993801117;0;110;249;670;4018
5577150313.0;"2016-04-22";9172;6.84999990463257;2.42000007629395;4.089999973773952;0;62;230;823;3329
5577150313.0;"2016-04-23";7638;5.71000003814697;1.21000003814697;4.499999880790715;0;24;247;627;3152
5577150313.0;"2016-04-24";15764;11.7799997329712;7.65000009536743;4.13000011444092;0;210;206;425;4392
5577150313.0;"2016-04-25";6393;4.78000020980835;1.35000002384186;3.430000007152561;0;61;252;743;3374
5577150313.0;"2016-04-26";5325;3.98000001907349;0.850000023841858;3.120000004768372;0;38;213;759;3088
5577150313.0;"2016-04-27";6805;5.1399998664856;1.80999994277954;3.330000072717664;0;63;206;773;3294
5577150313.0;"2016-04-28";9841;7.42999982833862;3.25;4.17999994754792;0;99;192;692;3580
5577150313.0;"2016-04-29";7924;5.92000007629395;2.83999991416931;3.080000042915345;0;97;201;739;3544
5577150313.0;"2016-04-30";12363;9.23999977111816;5.82999992370605;3.399999916553502;0;207;208;621;4501
5577150313.0;"2016-05-01";13368;9.98999977111816;5.30999994277954;4.6800000667572;0;194;250;499;4546
5577150313.0;"2016-05-02";7439;5.55999994277954;1.12000000476837;4.420000165700916;0;37;255;732;3014
5577150313.0;"2016-05-03";11045;8.25;4.51999998092651;3.719999939203264;0;97;220;580;3795
5577150313.0;"2016-05-04";5206;3.89000010490417;1.55999994277954;2.32999992370605;0;25;150;631;2755
5577150313.0;"2016-05-05";7550;5.6399998664856;2.5;3.1400000751018573;0;45;164;1153;3004
5577150313.0;"2016-05-06";4950;3.70000004768372;1.92999994754791;1.770000040531163;0;41;95;1304;2643
5577150313.0;"2016-05-07";0;0.0;0.0;0.0;0;0;0;1440;1819
5577150313.0;"2016-05-08";0;0.0;0.0;0.0;0;0;0;1440;1819
5577150313.0;"2016-05-09";3421;2.55999994277954;1.42999994754791;1.1300000101327892;0;34;81;1099;2489
5577150313.0;"2016-05-10";8869;6.65000009536743;2.55999994277954;4.09999990463257;0;104;231;639;3841
5577150313.0;"2016-05-11";4038;3.03999996185303;1.83000004291534;1.189999997615814;0;45;78;257;1665
6117666160.0;"2016-04-12";0;0.0;0.0;0.0;0;0;0;1440;1496
6117666160.0;"2016-04-13";0;0.0;0.0;0.0;0;0;0;1440;1496
6117666160.0;"2016-04-14";0;0.0;0.0;0.0;0;0;0;1440;1496
6117666160.0;"2016-04-15";14019;10.5900001525879;0.0;10.580000191926993;0;0;519;921;2865
6117666160.0;"2016-04-16";14450;10.9099998474121;0.579999983310699;10.329999566078188;0;7;533;502;2828
6117666160.0;"2016-04-17";7150;5.40000009536743;0.0;5.40000009536743;0;0;312;702;2225
6117666160.0;"2016-04-18";5153;3.91000008583069;0.0;3.89000010490417;0;0;241;759;2018
6117666160.0;"2016-04-19";11135;8.40999984741211;0.0;8.40999984741211;0;0;480;425;2606
6117666160.0;"2016-04-20";10449;8.02000045776367;2.02999997138977;5.999999970197674;0;26;359;587;2536
6117666160.0;"2016-04-21";19542;15.0100002288818;0.980000019073486;6.019999891519544;0;11;313;579;4900
6117666160.0;"2016-04-22";8206;6.19999980926514;0.0;6.19999980926514;0;0;402;413;2409
6117666160.0;"2016-04-23";11495;8.68000030517578;0.0;8.68000030517578;0;0;512;468;2651
6117666160.0;"2016-04-24";7623;5.76000022888184;0.0;5.76000022888184;0;0;362;711;2305
6117666160.0;"2016-04-25";0;0.0;0.0;0.0;0;0;0;1440;1497
6117666160.0;"2016-04-26";9543;7.21000003814697;0.0;7.209999889135359;0;0;359;1077;2450
6117666160.0;"2016-04-27";9411;7.1100001335144;0.0;7.1100001335144;0;0;458;417;2576
6117666160.0;"2016-04-28";3403;2.59999990463257;0.0;2.59999990463257;0;0;141;758;1879
6117666160.0;"2016-04-29";9592;7.23999977111816;0.0;7.23999977111816;0;0;461;479;2560
6117666160.0;"2016-04-30";6987;5.28000020980835;0.0;5.28000020980835;0;0;343;1040;2275
6117666160.0;"2016-05-01";8915;6.73000001907349;0.0;6.73000001907349;0;0;397;525;2361
6117666160.0;"2016-05-02";4933;3.73000001907349;0.0;3.73000001907349;0;0;236;1204;2044
6117666160.0;"2016-05-03";0;0.0;0.0;0.0;0;0;0;1440;1496
6117666160.0;"2016-05-04";2997;2.25999999046326;0.0;2.25999999046326;0;0;156;1279;1902
6117666160.0;"2016-05-05";9799;7.40000009536743;0.0;7.40000009536743;0;0;487;479;2636
6117666160.0;"2016-05-06";3365;2.6800000667572;0.0;2.6800000667572;0;0;133;673;1838
6117666160.0;"2016-05-07";7336;5.53999996185303;0.0;5.53999996185303;0;0;412;456;2469
6117666160.0;"2016-05-08";7328;5.53000020980835;0.0;5.53000020980835;0;0;318;517;2250
6117666160.0;"2016-05-09";4477;3.38000011444092;0.0;3.38000011444092;0;0;197;125;1248
6290855005.0;"2016-04-12";4562;3.45000004768372;0.0;3.45000004768372;0;0;199;1241;2560
6290855005.0;"2016-04-13";7142;5.40000009536743;0.0;5.3899998664856;0;0;350;1090;2905
6290855005.0;"2016-04-14";7671;5.80000019073486;0.0;5.76999998092651;0;0;363;1077;2952
6290855005.0;"2016-04-15";9501;7.17999982833862;0.0;7.17000007629395;0;0;328;1112;2896
6290855005.0;"2016-04-16";8301;6.28000020980835;0.0;6.26999998092651;0;0;258;1182;2783
6290855005.0;"2016-04-17";7851;5.94000005722046;1.13999998569489;4.790000021457672;0;31;237;1172;3171
6290855005.0;"2016-04-18";6885;5.21000003814697;0.0;5.19000005722046;0;0;271;1169;2766
6290855005.0;"2016-04-19";7142;5.40000009536743;0.0;5.3899998664856;0;0;321;1119;2839
6290855005.0;"2016-04-20";6361;4.80999994277954;0.0;4.80000019073486;0;0;258;1182;2701
6290855005.0;"2016-04-21";0;0.0;0.0;0.0;0;0;0;1440;2060
6290855005.0;"2016-04-22";6238;4.71999979019165;0.0;4.71999979019165;0;0;302;1138;2796
6290855005.0;"2016-04-23";0;0.0;0.0;0.0;0;33;0;1407;2664
6290855005.0;"2016-04-24";5896;4.46000003814697;0.0;4.46000003814697;0;0;258;1182;2703
6290855005.0;"2016-04-25";7802;5.90000009536743;0.680000007152557;5.210000216960907;0;8;252;1180;2771
6290855005.0;"2016-04-26";0;0.0;0.0;0.0;0;0;0;1440;2060
6290855005.0;"2016-04-27";5565;4.21000003814697;0.0;4.17999982833862;0;0;287;1153;2743
6290855005.0;"2016-04-28";5731;4.32999992370605;0.0;4.32999992370605;0;0;255;1185;2687
6290855005.0;"2016-04-29";0;0.0;0.0;0.0;0;0;0;1440;2060
6290855005.0;"2016-04-30";6744;5.09999990463257;0.0;5.09000015258789;0;0;324;1116;2843
6290855005.0;"2016-05-01";9837;7.44000005722046;0.660000026226044;6.75;0;8;377;1055;3327
6290855005.0;"2016-05-02";6781;5.13000011444092;0.0;5.1100001335144;0;0;268;1172;2725
6290855005.0;"2016-05-03";6047;4.57000017166138;0.0;4.57000017166138;0;0;240;1200;2671
6290855005.0;"2016-05-04";5832;4.40999984741211;0.0;4.40000009536743;0;0;272;1168;2718
6290855005.0;"2016-05-05";6339;4.78999996185303;0.0;4.78999996185303;0;0;239;1201;2682
6290855005.0;"2016-05-06";6116;4.61999988555908;0.0;4.59000015258789;0;0;305;1135;2806
6290855005.0;"2016-05-07";5510;4.17000007629395;0.0;4.15999984741211;0;0;227;1213;2613
6290855005.0;"2016-05-08";7706;5.82999992370605;0.0;5.82000017166138;0;0;251;1189;2712
6290855005.0;"2016-05-09";6277;4.75;0.0;4.73000001907349;0;0;264;800;2175
6290855005.0;"2016-05-10";0;0.0;0.0;0.0;0;0;0;1440;0
6775888955.0;"2016-04-12";0;0.0;0.0;0.0;0;0;0;1440;1841
6775888955.0;"2016-04-13";4053;2.91000008583069;1.11000001430511;1.800000011920929;0;17;103;1053;2400
6775888955.0;"2016-04-14";5162;3.70000004768372;0.870000004768372;2.830000042915345;0;14;129;863;2507
6775888955.0;"2016-04-15";1282;0.920000016689301;0.0;0.920000016689301;0;0;58;976;2127
6775888955.0;"2016-04-16";4732;3.39000010490417;2.51999998092651;0.8700000010430815;0;36;27;1377;2225
6775888955.0;"2016-04-17";2497;1.78999996185303;0.349999994039536;1.439999997615816;0;5;43;1392;2067
6775888955.0;"2016-04-18";8294;5.94999980926514;2.0;3.9400000572204643;0;30;177;1233;2798
6775888955.0;"2016-04-19";0;0.0;0.0;0.0;0;0;0;1440;1841
6775888955.0;"2016-04-20";10771;7.71999979019165;3.76999998092651;3.96000003814697;0;70;291;1079;3727
6775888955.0;"2016-04-21";0;0.0;0.0;0.0;0;0;0;1440;1841
6775888955.0;"2016-04-22";637;0.46000000834465;0.0;0.46000000834465;0;0;20;1420;1922
6775888955.0;"2016-04-23";0;0.0;0.0;0.0;0;0;0;1440;1841
6775888955.0;"2016-04-24";2153;1.53999996185303;0.769999980926514;0.7700000107288361;0;11;29;1400;2053
6775888955.0;"2016-04-25";6474;4.6399998664856;2.26999998092651;2.35999998450279;0;33;105;1302;2484
6775888955.0;"2016-04-26";7091;5.26999998092651;3.48000001907349;1.600000023841858;0;42;77;1321;2584
6775888955.0;"2016-04-27";0;0.0;0.0;0.0;0;0;0;1440;1841
6775888955.0;"2016-04-28";703;0.5;0.0599999986588955;0.439999997615814;0;2;28;1410;1993
6775888955.0;"2016-04-29";0;0.0;0.0;0.0;0;0;0;1440;1841
6775888955.0;"2016-04-30";2503;1.78999996185303;0.159999996423721;1.6400000154972112;0;3;93;1344;2280
6775888955.0;"2016-05-01";2487;1.77999997138977;0.479999989271164;1.300000011920929;0;9;84;1347;2319
6775888955.0;"2016-05-02";0;0.0;0.0;0.0;0;0;0;1440;1841
6775888955.0;"2016-05-03";9;0.00999999977648258;0.0;0.00999999977648258;0;0;1;1439;1843
6775888955.0;"2016-05-04";0;0.0;0.0;0.0;0;0;0;1440;1841
6775888955.0;"2016-05-05";0;0.0;0.0;0.0;0;0;0;1440;1841
6775888955.0;"2016-05-06";4697;3.36999988555908;0.469999998807907;2.859999954700467;0;12;110;1318;2496
6775888955.0;"2016-05-07";1967;1.4099999666214;0.129999995231628;1.289999946951862;0;2;54;551;1032
6962181067.0;"2016-04-12";10199;6.73999977111816;3.40000009536743;3.339999973773959;0;50;203;796;1994
6962181067.0;"2016-04-13";5652;3.74000000953674;0.569999992847443;3.17000007629394;0;8;166;548;1718
6962181067.0;"2016-04-14";1551;1.02999997138977;0.0;1.02999997138977;0;0;86;862;1466
6962181067.0;"2016-04-15";5563;3.6800000667572;0.0;3.6800000667572;0;0;217;837;1756
6962181067.0;"2016-04-16";13217;8.73999977111816;3.66000008583069;5.070000112056734;0;50;283;741;2173
6962181067.0;"2016-04-17";10145;6.71000003814697;0.330000013113022;6.370000064373017;0;5;308;634;2027
6962181067.0;"2016-04-18";11404;7.53999996185303;0.829999983310699;6.71000027656555;0;13;280;689;2039
6962181067.0;"2016-04-19";10742;7.09999990463257;2.09999990463257;5.0;0;35;236;659;2046
6962181067.0;"2016-04-20";13928;9.55000019073486;4.28000020980835;5.280000150203704;0;48;301;639;2174
6962181067.0;"2016-04-21";11835;9.71000003814697;3.99000000953674;5.6099998950958305;0;53;241;708;2179
6962181067.0;"2016-04-22";10725;7.09000015258789;1.76999998092651;5.31999993324279;0;30;273;659;2086
6962181067.0;"2016-04-23";20031;13.2399997711182;4.19999980926514;9.039999961853031;0;58;388;484;2571
6962181067.0;"2016-04-24";5029;3.3199999332428;0.0;3.3199999332428;0;0;199;720;1705
6962181067.0;"2016-04-25";13239;9.27000045776367;3.01999998092651;6.13999998569488;0;35;313;637;2194
6962181067.0;"2016-04-26";10433;6.90000009536743;2.57999992370605;4.320000082254408;0;36;261;680;2012
6962181067.0;"2016-04-27";10320;6.82000017166138;0.550000011920929;6.26999998092651;0;7;317;697;2034
6962181067.0;"2016-04-28";12627;8.35000038146973;2.50999999046326;5.830000147223472;0;38;296;621;2182
6962181067.0;"2016-04-29";10762;7.1100001335144;0.819999992847443;6.289999932050704;0;12;384;645;2254
6962181067.0;"2016-04-30";10081;6.65999984741211;2.24000000953674;4.4300000667572075;0;32;253;731;2002
6962181067.0;"2016-05-01";5454;3.60999989509583;0.0;3.60999989509583;0;0;215;722;1740
6962181067.0;"2016-05-02";12912;8.53999996185303;1.20000004768372;7.34000015258789;0;18;352;655;2162
6962181067.0;"2016-05-03";12109;8.11999988555908;1.74000000953674;6.36999988555908;0;21;303;654;2072
6962181067.0;"2016-05-04";10147;6.71000003814697;0.469999998807907;6.23000013828277;0;15;320;683;2086
6962181067.0;"2016-05-05";10524;6.96000003814697;0.990000009536743;5.96999990940094;0;14;327;591;2066
6962181067.0;"2016-05-06";5908;3.91000008583069;0.0;3.91000008583069;0;0;299;717;1850
6962181067.0;"2016-05-07";6815;4.5;0.0;4.5;0;0;328;745;1947
6962181067.0;"2016-05-08";4188;2.76999998092651;0.0;2.769999980926514;0;0;165;709;1659
6962181067.0;"2016-05-09";12342;8.72000026702881;3.90000009536743;4.83000004291534;0;43;252;607;2105
6962181067.0;"2016-05-10";15448;10.210000038147;3.47000002861023;6.73999977111816;0;62;309;626;2361
6962181067.0;"2016-05-11";6722;4.44000005722046;1.49000000953674;2.9600000977516157;0;24;206;709;1855
6962181067.0;"2016-05-12";3587;2.36999988555908;0.0;2.35999989509583;0;0;113;127;928
7007744171.0;"2016-04-12";14172;10.289999961853;4.5;5.789999842643738;0;53;363;1024;2937
7007744171.0;"2016-04-13";12862;9.64999961853027;4.6100001335144;5.040000021457676;0;56;283;1101;2742
7007744171.0;"2016-04-14";11179;8.23999977111816;2.95000004768372;5.300000041723249;0;34;310;1096;2668
7007744171.0;"2016-04-15";5273;3.52999997138977;0.0;3.52999997138977;0;0;202;1238;2098
7007744171.0;"2016-04-16";4631;3.09999990463257;0.0;3.09999990463257;0;0;203;1155;2076
7007744171.0;"2016-04-17";8059;5.3899998664856;0.0;5.3899998664856;0;0;305;1135;2383
7007744171.0;"2016-04-18";14816;10.9799995422363;3.78999996185303;7.17000007629394;0;48;315;1077;2832
7007744171.0;"2016-04-19";14194;10.4799995422363;4.40999984741211;6.069999933242797;0;53;321;1066;2812
7007744171.0;"2016-04-20";15566;11.3100004196167;4.78999996185303;6.530000150203701;0;60;380;1000;3096
7007744171.0;"2016-04-21";13744;9.1899995803833;2.15000009536743;7.04000008106232;0;30;361;1049;2763
7007744171.0;"2016-04-22";15299;10.2399997711182;4.09999990463257;6.129999876022341;0;64;311;1065;2889
7007744171.0;"2016-04-23";8093;5.40999984741211;0.129999995231628;5.28000009059906;0;2;248;1190;2284
7007744171.0;"2016-04-24";11085;7.42000007629395;0.0;7.42000007629395;0;0;419;1021;2667
7007744171.0;"2016-04-25";18229;13.3400001525879;4.30999994277954;9.04000008106232;0;51;403;986;3055
7007744171.0;"2016-04-26";15090;10.1000003814697;0.930000007152557;9.169999539852144;0;16;446;978;2939
7007744171.0;"2016-04-27";13541;10.2200002670288;4.26999998092651;5.949999988079074;0;50;349;1041;2830
7007744171.0;"2016-04-28";15128;10.1199998855591;1.0900000333786;9.030000209808353;0;16;417;1007;2836
7007744171.0;"2016-04-29";20067;14.3000001907349;4.30999994277954;9.999999761581421;0;55;424;961;3180
7007744171.0;"2016-04-30";3761;2.51999998092651;0.0;2.51999998092651;0;0;200;1240;2051
7007744171.0;"2016-05-01";5600;3.75;0.0;3.75;0;0;237;1142;2225
7007744171.0;"2016-05-02";13041;9.18000030517578;4.6399998664856;4.52999991178512;0;64;264;1112;2642
7007744171.0;"2016-05-03";14510;10.8699998855591;4.48000001907349;6.38000011444091;0;58;361;1021;2976
7007744171.0;"2016-05-04";0;0.0;0.0;0.0;0;0;0;1440;1557
7007744171.0;"2016-05-05";15010;11.1000003814697;4.32999992370605;6.76999998092652;0;53;340;1047;2933
7007744171.0;"2016-05-06";11459;7.67000007629395;3.0;4.669999897480016;0;44;260;1136;2553
7007744171.0;"2016-05-07";0;0.0;0.0;0.0;0;0;0;111;120
7086361926.0;"2016-04-12";11317;8.40999984741211;5.26999998092651;3.120000034570694;0;59;159;745;2772
7086361926.0;"2016-04-13";5813;3.61999988555908;0.560000002384186;3.0499999076127993;0;31;181;744;2516
7086361926.0;"2016-04-14";9123;6.11999988555908;2.02999997138977;3.9900000989437117;0;35;221;787;2734
7086361926.0;"2016-04-15";8585;5.67000007629395;2.03999996185303;3.63999998569488;0;30;160;864;2395
7086361926.0;"2016-04-16";31;0.00999999977648258;0.0;0.00999999977648258;0;0;3;1437;1635
7086361926.0;"2016-04-17";0;0.0;0.0;0.0;0;0;0;1440;1629
7086361926.0;"2016-04-18";9827;6.71000003814697;3.17000007629395;3.52999997138977;0;61;165;1136;2743
7086361926.0;"2016-04-19";10688;7.28999996185303;3.52999997138977;3.7400000095367503;0;67;193;671;2944
7086361926.0;"2016-04-20";14365;10.6400003433228;7.6399998664856;2.989999949932101;0;87;158;797;2997
7086361926.0;"2016-04-21";9469;6.17999982833862;1.36000001430511;4.810000240802769;0;19;212;758;2463
7086361926.0;"2016-04-22";9753;6.53000020980835;2.86999988555908;3.6400001049041792;0;58;212;762;2846
7086361926.0;"2016-04-23";2817;1.80999994277954;0.0;1.79999995231628;0;0;90;1350;1965
7086361926.0;"2016-04-24";3520;2.16000008583069;0.0;2.15000009536743;0;0;125;566;2049
7086361926.0;"2016-04-25";10091;6.82000017166138;3.75;3.069999873638151;0;69;168;706;2752
7086361926.0;"2016-04-26";10387;7.07000017166138;4.15999984741211;2.889999866485594;0;70;165;726;2781
7086361926.0;"2016-04-27";11107;8.34000015258789;5.63000011444092;2.709999978542327;0;55;151;829;2693
7086361926.0;"2016-04-28";11584;7.80000019073486;2.78999996185303;4.99999988079072;0;54;209;810;2862
7086361926.0;"2016-04-29";7881;4.94999980926514;0.490000009536743;4.449999988079071;0;24;218;1198;2616
7086361926.0;"2016-04-30";14560;9.40999984741211;3.11999988555908;6.27999973297119;0;42;325;584;2995
7086361926.0;"2016-05-01";12390;8.06999969482422;2.29999995231628;5.749999880790712;0;30;273;685;2730
7086361926.0;"2016-05-02";10052;6.80999994277954;3.48000001907349;3.320000112056734;0;66;165;737;2754
7086361926.0;"2016-05-03";10288;6.76000022888184;2.74000000953674;4.010000109672548;0;57;188;761;2754
7086361926.0;"2016-05-04";10988;8.3100004196167;5.28000020980835;3.020000092685221;0;45;147;843;2655
7086361926.0;"2016-05-05";8564;5.59999990463257;1.77999997138977;3.780000030994419;0;24;163;1253;2386
7086361926.0;"2016-05-06";12461;8.38000011444092;3.8199999332428;4.549999833106989;0;84;189;834;2924
7086361926.0;"2016-05-07";12827;8.47999954223633;1.46000003814697;7.009999752044671;0;20;251;621;2739
7086361926.0;"2016-05-08";10677;7.09999990463257;2.30999994277954;4.7799999713897705;0;32;174;695;2534
7086361926.0;"2016-05-09";13566;9.10999965667725;4.26000022888184;4.829999923706049;0;67;221;743;2960
7086361926.0;"2016-05-10";14433;10.789999961853;7.1100001335144;3.6500000953674396;0;72;129;1182;2800
7086361926.0;"2016-05-11";9572;6.51999998092651;2.89000010490417;3.6200000047683796;0;57;168;757;2735
7086361926.0;"2016-05-12";3789;2.55999994277954;0.379999995231628;2.1599999964237258;0;5;62;343;1199
8053475328.0;"2016-04-12";18060;14.1199998855591;11.6400003433228;2.489999890327455;0;116;131;1193;3186
8053475328.0;"2016-04-13";16433;13.3500003814697;10.4300003051758;2.920000046491627;0;95;168;1177;3140
8053475328.0;"2016-04-14";20159;15.9700002670288;12.3400001525879;3.569999888539319;0;119;198;1123;3411
8053475328.0;"2016-04-15";20669;16.2399997711182;13.2600002288818;2.979999899864195;0;132;166;1142;3410
8053475328.0;"2016-04-16";14549;11.1099996566772;9.35999965667725;1.7600000202655761;0;96;89;1255;2867
8053475328.0;"2016-04-17";18827;13.6899995803833;9.23999977111816;4.440000116825098;0;111;216;1113;3213
8053475328.0;"2016-04-18";17076;12.6599998474121;9.07999992370605;3.5799999088048953;0;102;201;1137;3133
8053475328.0;"2016-04-19";15929;12.4799995422363;9.22000026702881;3.260000050067906;0;90;198;1152;3114
8053475328.0;"2016-04-20";15108;12.1899995803833;9.57999992370605;2.6100001186132453;0;89;163;695;3043
8053475328.0;"2016-04-21";16057;12.5100002288818;9.67000007629395;2.82999992370605;0;100;176;1164;3103
8053475328.0;"2016-04-22";10520;8.28999996185303;6.26000022888184;2.030000001192094;0;60;120;1260;2655
8053475328.0;"2016-04-23";22359;17.1900005340576;12.539999961853;4.6499999761581385;0;125;237;741;3554
8053475328.0;"2016-04-24";22988;17.9500007629395;13.1300001144409;4.80999994277954;0;129;215;1096;3577
8053475328.0;"2016-04-25";20500;15.6899995803833;11.3699998855591;4.31999990344048;0;118;218;1104;3403
8053475328.0;"2016-04-26";12685;9.61999988555908;6.30999994277954;3.299999907612802;0;68;190;1182;2846
8053475328.0;"2016-04-27";12422;9.81999969482422;6.46000003814697;3.360000073909757;0;60;193;1187;2852
8053475328.0;"2016-04-28";15447;12.3999996185303;9.67000007629395;2.739999890327455;0;90;162;1188;3062
8053475328.0;"2016-04-29";12315;9.64999961853027;6.17000007629395;3.4800000786781364;0;58;167;1215;2794
8053475328.0;"2016-04-30";7135;5.59000015258789;2.99000000953674;2.5999999605119255;0;27;132;1281;2408
8053475328.0;"2016-05-01";1170;0.850000023841858;0.0;0.850000023841858;0;0;51;1389;1886
8053475328.0;"2016-05-02";1969;1.42999994754791;0.0;1.42999994754791;0;0;95;1345;1988
8053475328.0;"2016-05-03";15484;11.8999996185303;8.39000034332275;3.519999921321867;0;87;187;1166;3023
8053475328.0;"2016-05-04";14581;11.1499996185303;8.81999969482422;2.309999972581864;0;89;131;1220;2918
8053475328.0;"2016-05-05";14990;11.5100002288818;8.85000038146973;2.660000026226041;0;93;139;1208;2950
8053475328.0;"2016-05-06";13953;11.0;9.10000038146973;1.900000035762784;0;90;105;1245;2859
8053475328.0;"2016-05-07";19769;15.6700000762939;12.4399995803833;3.229999899864198;0;121;168;1076;3331
8053475328.0;"2016-05-08";22026;17.6499996185303;13.3999996185303;4.250000059604646;0;125;242;1073;3589
8053475328.0;"2016-05-09";12465;9.38000011444092;6.11999988555908;3.260000050067903;0;66;160;1214;2765
8053475328.0;"2016-05-10";14810;11.3599996566772;9.09000015258789;2.270000010728838;0;96;125;1219;2926
8053475328.0;"2016-05-11";12209;9.39999961853027;6.07999992370605;3.319999963045123;0;60;191;1189;2809
8053475328.0;"2016-05-12";4998;3.91000008583069;2.95000004768372;0.959999993443489;0;28;43;839;1505
8253242879.0;"2016-04-12";9033;7.15999984741211;5.42999982833862;1.730000033974646;0;40;156;1244;2044
8253242879.0;"2016-04-13";8053;6.09999990463257;4.17000007629395;1.9399999380111679;0;35;107;1298;1935
8253242879.0;"2016-04-14";5234;3.46000003814697;1.92999994754791;1.530000030994415;0;29;49;1362;1705
8253242879.0;"2016-04-15";2672;1.76999998092651;0.0;1.75999999046326;0;0;105;1335;1632
8253242879.0;"2016-04-16";9256;6.1399998664856;0.430000007152557;5.7200000286102295;0;6;166;1268;1880
8253242879.0;"2016-04-17";10204;7.90999984741211;5.42999982833862;2.479999929666514;0;41;162;1237;2112
8253242879.0;"2016-04-18";5151;3.48000001907349;1.03999996185303;2.429999947547908;0;16;146;1278;1829
8253242879.0;"2016-04-19";4212;2.77999997138977;0.0;2.77999997138977;0;0;164;1276;1763
8253242879.0;"2016-04-20";6466;4.26999998092651;0.330000013113022;3.929999887943273;0;5;234;1201;1931
8253242879.0;"2016-04-21";11268;8.5600004196167;5.88000011444092;2.680000007152557;0;49;192;1199;2218
8253242879.0;"2016-04-22";2824;1.87000000476837;0.0;1.87000000476837;0;0;120;1320;1651
8253242879.0;"2016-04-23";9282;6.26000022888184;2.08999991416931;4.170000076293951;0;30;217;1193;2132
8253242879.0;"2016-04-24";8905;7.13000011444092;5.59999990463257;1.530000030994414;0;41;86;1313;1976
8253242879.0;"2016-04-25";6829;4.51000022888184;0.360000014305115;4.16000008583068;0;7;172;1261;1909
8253242879.0;"2016-04-26";4562;3.03999996185303;1.17999994754791;1.860000014305113;0;19;122;1299;1813
8253242879.0;"2016-04-27";10232;8.18000030517578;6.23999977111816;1.930000051856045;0;45;109;1286;2008
8253242879.0;"2016-04-28";2718;1.79999995231628;0.670000016689301;1.11999997496605;0;11;36;1393;1580
8253242879.0;"2016-04-29";6260;4.26000022888184;1.28999996185303;2.940000116825102;0;16;150;1257;1854
8253242879.0;"2016-04-30";0;0.0;0.0;0.0;0;0;0;1440;0
8378563200.0;"2016-04-12";7626;6.05000019073486;0.829999983310699;5.209999978542328;0;65;171;723;3635
8378563200.0;"2016-04-13";12386;9.81999969482422;4.96000003814697;4.860000014305112;0;116;183;680;4079
8378563200.0;"2016-04-14";13318;10.5600004196167;5.61999988555908;4.94000005722046;0;123;195;699;4163
8378563200.0;"2016-04-15";14461;11.4700002670288;4.90999984741211;6.559999823570251;0;60;213;729;3666
8378563200.0;"2016-04-16";11207;8.89000034332275;5.36999988555908;3.51000010967255;0;64;163;563;3363
8378563200.0;"2016-04-17";2132;1.69000005722046;0.0;1.69000005722046;0;0;93;599;2572
8378563200.0;"2016-04-18";13630;10.8100004196167;5.05000019073486;5.759999811649326;0;117;184;720;4157
8378563200.0;"2016-04-19";13070;10.3599996566772;5.30000019073486;5.059999823570248;0;120;173;737;4092
8378563200.0;"2016-04-20";9388;7.44000005722046;2.23000001907349;5.220000207424164;0;82;177;763;3787
8378563200.0;"2016-04-21";15148;12.0100002288818;6.90000009536743;5.109999954700473;0;137;161;677;4236
8378563200.0;"2016-04-22";12200;9.67000007629395;4.90999984741211;4.769999802112577;0;113;171;769;4044
8378563200.0;"2016-04-23";5709;4.53000020980835;1.51999998092651;3.000000000000004;0;19;146;740;2908
8378563200.0;"2016-04-24";3703;2.94000005722046;0.0;2.94000005722046;0;0;135;734;2741
8378563200.0;"2016-04-25";12405;9.84000015258789;5.05000019073486;4.790000081062322;0;117;157;692;4005
8378563200.0;"2016-04-26";16208;12.8500003814697;7.51000022888184;5.340000092983251;0;90;179;593;3763
8378563200.0;"2016-04-27";7359;5.84000015258789;0.330000013113022;5.509999930858608;0;4;196;676;3061
8378563200.0;"2016-04-28";5417;4.30000019073486;0.899999976158142;3.400000095367433;0;11;149;711;2884
8378563200.0;"2016-04-29";6175;4.90000009536743;0.25;4.629999995231625;0;3;179;767;2982
8378563200.0;"2016-04-30";2946;2.33999991416931;0.0;2.33999991416931;0;0;121;780;2660
8378563200.0;"2016-05-01";11419;9.0600004196167;6.03000020980835;3.030000030994416;0;71;137;669;3369
8378563200.0;"2016-05-02";6064;4.80999994277954;0.629999995231628;4.18000023066998;0;63;146;802;3491
8378563200.0;"2016-05-03";8712;6.90999984741211;1.3400000333786;5.55999994277954;0;71;215;822;3784
8378563200.0;"2016-05-04";7875;6.23999977111816;1.55999994277954;4.689999818801883;0;19;177;680;3110
8378563200.0;"2016-05-05";8567;6.78999996185303;0.889999985694885;5.899999767541881;0;66;217;764;3783
8378563200.0;"2016-05-06";7045;5.59000015258789;1.54999995231628;4.0299999713897705;0;74;171;831;3644
8378563200.0;"2016-05-07";4468;3.53999996185303;0.0;3.53999996185303;0;0;158;851;2799
8378563200.0;"2016-05-08";2943;2.32999992370605;0.0;2.32999992370605;0;0;139;621;2685
8378563200.0;"2016-05-09";8382;6.65000009536743;1.26999998092651;5.379999816417694;0;71;184;772;3721
8378563200.0;"2016-05-10";6582;5.21999979019165;0.660000026226044;4.560000061988835;0;63;165;840;3586
8378563200.0;"2016-05-11";9143;7.25;1.38999998569489;5.859999954700466;0;72;194;763;3788
8378563200.0;"2016-05-12";4561;3.61999988555908;0.649999976158142;2.960000067949296;0;8;108;433;1976
8583815059.0;"2016-04-12";5014;3.91000008583069;0.0;3.9099999368190717;0;0;203;1237;2650
8583815059.0;"2016-04-13";5571;4.34999990463257;0.150000005960464;4.200000047683719;0;2;186;1252;2654
8583815059.0;"2016-04-14";3135;2.45000004768372;0.0;2.4300000667572;0;0;134;1306;2443
8583815059.0;"2016-04-15";3430;2.6800000667572;0.0;0.899999976158142;0;0;65;1375;2505
8583815059.0;"2016-04-16";5319;4.15000009536743;0.0;0.0;0;0;0;1440;2693
8583815059.0;"2016-04-17";3008;2.34999990463257;0.0;0.0;0;0;0;1440;2439
8583815059.0;"2016-04-18";3864;3.00999999046326;0.310000002384186;2.4099999666214;0;4;127;1309;2536
8583815059.0;"2016-04-19";5697;4.44000005722046;0.529999971389771;3.920000046491624;0;7;176;1257;2668
8583815059.0;"2016-04-20";5273;4.1100001335144;0.0;4.1099998950958305;0;0;194;1246;2647
8583815059.0;"2016-04-21";8538;6.65999984741211;2.63000011444092;4.02999997138977;0;35;176;1229;2883
8583815059.0;"2016-04-22";8687;6.78000020980835;0.28999999165535;6.49000000953674;0;4;266;1170;2944
8583815059.0;"2016-04-23";9423;7.34999990463257;0.529999971389771;6.7799999713897705;0;7;282;1151;3012
8583815059.0;"2016-04-24";8286;6.46000003814697;0.150000005960464;6.319999933242791;0;2;250;1188;2889
8583815059.0;"2016-04-25";4503;3.50999999046326;1.47000002861023;2.049999937415122;0;18;128;1294;2547
8583815059.0;"2016-04-26";10499;8.1899995803833;0.0700000002980232;8.10999989509582;0;1;305;1134;3093
8583815059.0;"2016-04-27";12474;9.72999954223633;6.59999990463257;3.139999896287916;0;77;134;1229;3142
8583815059.0;"2016-04-28";6174;4.82000017166138;0.0;4.80999994277955;0;0;231;1209;2757
8583815059.0;"2016-04-29";15168;11.8299999237061;3.90000009536743;7.92000007629395;0;46;325;1069;3513
8583815059.0;"2016-04-30";10085;7.86999988555908;0.150000005960464;7.70999979972839;0;2;345;1093;3164
8583815059.0;"2016-05-01";4512;3.51999998092651;0.779999971389771;2.159999959170821;0;10;119;1311;2596
8583815059.0;"2016-05-02";8469;6.6100001335144;0.0;0.0;0;0;0;1440;2894
8583815059.0;"2016-05-03";12015;9.36999988555908;0.0;0.0;0;0;0;1440;3212
8583815059.0;"2016-05-04";3588;2.79999995231628;0.0;0.0;0;0;0;1440;2516
8583815059.0;"2016-05-05";12427;9.6899995803833;0.0;1.17999994754791;0;0;70;1370;3266
8583815059.0;"2016-05-06";5843;4.55999994277954;0.140000000596046;4.42000007629395;0;2;188;1250;2683
8583815059.0;"2016-05-07";6117;4.76999998092651;0.0;4.76999998092651;0;0;250;1190;2810
8583815059.0;"2016-05-08";9217;7.19000005722046;0.219999998807907;6.9700000286102295;0;3;254;1183;2940
8583815059.0;"2016-05-09";9877;7.69999980926514;5.76000022888184;1.9000000208616292;0;66;114;1260;2947
8583815059.0;"2016-05-10";8240;6.42999982833862;0.689999997615814;5.73000001907349;0;9;205;1226;2846
8583815059.0;"2016-05-11";8701;6.78999996185303;0.370000004768372;6.41000008583069;0;5;248;1106;2804
8583815059.0;"2016-05-12";0;0.0;0.0;0.0;0;0;0;1440;0
8792009665.0;"2016-04-12";2564;1.63999998569489;0.0;1.63999998569489;0;0;116;831;2044
8792009665.0;"2016-04-13";1320;0.839999973773956;0.0;0.839999973773956;0;0;82;806;1934
8792009665.0;"2016-04-14";1219;0.779999971389771;0.0;0.779999971389771;0;0;84;853;1963
8792009665.0;"2016-04-15";2483;1.5900000333786;0.0;1.5900000333786;0;0;126;937;2009
8792009665.0;"2016-04-16";244;0.159999996423721;0.0;0.159999996423721;0;0;12;1428;1721
8792009665.0;"2016-04-17";0;0.0;0.0;0.0;0;0;0;1440;1688
8792009665.0;"2016-04-18";0;0.0;0.0;0.0;0;0;0;1440;1688
8792009665.0;"2016-04-19";0;0.0;0.0;0.0;0;0;0;1440;1688
8792009665.0;"2016-04-20";3147;2.00999999046326;0.0;2.020000010728833;0;0;149;744;2188
8792009665.0;"2016-04-21";144;0.0900000035762787;0.0;0.0900000035762787;0;0;9;1431;1720
8792009665.0;"2016-04-22";4068;2.59999990463257;0.0500000007450581;2.549999982118603;0;1;215;817;2419
8792009665.0;"2016-04-23";5245;3.35999989509583;0.159999996423721;3.189999997615814;0;8;277;795;2748
8792009665.0;"2016-04-24";400;0.259999990463257;0.0399999991059303;0.2099999971687791;0;3;27;1410;1799
8792009665.0;"2016-04-25";0;0.0;0.0;0.0;0;0;0;1440;1688
8792009665.0;"2016-04-26";1321;0.850000023841858;0.0;0.850000023841858;0;0;80;1360;1928
8792009665.0;"2016-04-27";1758;1.12999999523163;0.0;1.12999999523163;0;0;112;900;2067
8792009665.0;"2016-04-28";6157;3.94000005722046;0.0;3.94000005722046;0;0;310;714;2780
8792009665.0;"2016-04-29";8360;5.34999990463257;0.140000000596046;5.209999829530713;0;6;394;634;3101
8792009665.0;"2016-04-30";7174;4.59000015258789;0.330000013113022;4.270000100135805;0;10;321;749;2896
8792009665.0;"2016-05-01";1619;1.03999996185303;0.0;1.03999996185303;0;0;79;834;1962
8792009665.0;"2016-05-02";1831;1.16999995708466;0.0;1.16999995708466;0;0;101;916;2015
8792009665.0;"2016-05-03";2421;1.54999995231628;0.0;1.54999995231628;0;0;156;739;2297
8792009665.0;"2016-05-04";2283;1.46000003814697;0.0;1.46000003814697;0;0;129;848;2067
8792009665.0;"2016-05-05";0;0.0;0.0;0.0;0;0;0;1440;1688
8792009665.0;"2016-05-06";0;0.0;0.0;0.0;0;0;0;1440;1688
8792009665.0;"2016-05-07";0;0.0;0.0;0.0;0;0;0;1440;1688
8792009665.0;"2016-05-08";0;0.0;0.0;0.0;0;0;0;1440;1688
8792009665.0;"2016-05-09";0;0.0;0.0;0.0;0;0;0;1440;1688
8792009665.0;"2016-05-10";0;0.0;0.0;0.0;0;0;0;48;57
8877689391.0;"2016-04-12";23186;20.3999996185303;12.2200002670288;8.16000017523766;0;85;319;1036;3921
8877689391.0;"2016-04-13";15337;9.57999992370605;3.54999995231628;6.019999861717228;0;108;234;1098;3566
8877689391.0;"2016-04-14";21129;18.9799995422363;10.5500001907349;8.339999973773956;0;68;311;1061;3793
8877689391.0;"2016-04-15";13422;7.17000007629395;0.0500000007450581;7.060000229626898;0;106;282;1052;3934
8877689391.0;"2016-04-16";29326;25.2900009155273;13.2399997711182;11.92000007629397;0;94;458;888;4547
8877689391.0;"2016-04-17";15118;8.86999988555908;0.0;8.859999962151052;0;58;322;1060;3545
8877689391.0;"2016-04-18";11423;8.67000007629395;2.44000005722046;6.210000067949296;0;29;196;1215;2761
8877689391.0;"2016-04-19";18785;17.3999996185303;12.1499996185303;5.210000216960907;0;82;227;1131;3676
8877689391.0;"2016-04-20";19948;18.1100006103516;11.0200004577637;7.030000150203704;0;73;244;1123;3679
8877689391.0;"2016-04-21";19377;17.6200008392334;12.289999961853;5.309999853372578;0;82;239;1119;3659
8877689391.0;"2016-04-22";18258;16.3099994659424;10.2299995422363;5.999999789521098;0;61;238;1141;3427
8877689391.0;"2016-04-23";11200;7.42999982833862;0.0;7.40000009536743;0;102;306;1032;3891
8877689391.0;"2016-04-24";16674;15.7399997711182;11.0100002288818;4.7000000569969425;0;64;228;1148;3455
8877689391.0;"2016-04-25";12986;8.73999977111816;2.36999988555908;6.339999981224533;0;113;226;1101;3802
8877689391.0;"2016-04-26";11101;8.43000030517578;1.75999999046326;6.629999995231628;0;22;261;1157;2860
8877689391.0;"2016-04-27";23629;20.6499996185303;13.0699996948242;7.539999902248384;0;93;243;1104;3808
8877689391.0;"2016-04-28";14890;11.3000001907349;4.92999982833862;6.349999785423279;0;58;239;1143;3060
8877689391.0;"2016-04-29";9733;7.3899998664856;1.37999999523163;5.959999963641169;0;18;215;1207;2698
8877689391.0;"2016-04-30";27745;26.7199993133545;21.6599998474121;5.009999826550481;0;124;227;1089;4398
8877689391.0;"2016-05-01";10930;8.31999969482422;3.13000011444092;5.140000164508822;0;36;178;1226;2786
8877689391.0;"2016-05-02";4790;3.64000010490417;0.0;3.55999994277954;0;0;105;1335;2189
8877689391.0;"2016-05-03";10818;8.21000003814697;1.38999998569489;6.770000077784066;0;19;232;1189;2817
8877689391.0;"2016-05-04";18193;16.2999992370605;10.4200000762939;5.840000212192535;0;66;220;1154;3477
8877689391.0;"2016-05-05";14055;10.6700000762939;5.46000003814697;5.189999878406523;0;67;203;1170;3052
8877689391.0;"2016-05-06";21727;19.3400001525879;12.789999961853;6.44999983906746;0;96;249;1095;4015
8877689391.0;"2016-05-07";12332;8.13000011444092;0.0799999982118607;7.9499997496604875;0;105;299;1036;4142
8877689391.0;"2016-05-08";10686;8.10999965667725;1.08000004291534;7.000000193715092;0;17;249;1174;2847
8877689391.0;"2016-05-09";20226;18.25;11.1000003814697;7.039999783039089;0;73;236;1131;3710
8877689391.0;"2016-05-10";10733;8.14999961853027;1.35000002384186;6.740000218153;0;18;235;1187;2832
8877689391.0;"2016-05-11";21420;19.5599994659424;13.2200002670288;6.2999998629093215;0;88;225;1127;3832
8877689391.0;"2016-05-12";8064;6.11999988555908;1.82000005245209;4.28999999910593;0;23;138;770;1849
